排名,号码,F1_冷热度,F2_区域集中,F3_形态适应,F4_重号邻号,F5_遗漏压力,F6_尾数聚集,权重_F1,权重_F2,权重_F3,权重_F4,权重_F5,权重_F6,综合得分,是否上期开奖,目标期
1,73,5.0,3.06,4.5,5.0,1.0,4.8,1.0,1.0,1.0,1.0,1.0,1.0,23.36,✓,2026192
2,11,4.74,3.42,4.5,4.0,3.0,2.91,1.0,1.0,1.0,1.0,1.0,1.0,22.575,,2026192
3,69,4.8,3.06,3.5,4.0,3.0,4.2,1.0,1.0,1.0,1.0,1.0,1.0,22.564,,2026192
4,12,5.0,3.42,3.5,4.0,3.0,3.6,1.0,1.0,1.0,1.0,1.0,1.0,22.52,,2026192
5,25,4.68,2.88,3.5,4.0,3.0,4.4,1.0,1.0,1.0,1.0,1.0,1.0,22.457,,2026192
6,35,3.73,2.88,4.5,4.0,3.0,4.32,1.0,1.0,1.0,1.0,1.0,1.0,22.434,,2026192
7,45,4.49,2.64,4.5,5.0,1.0,4.8,1.0,1.0,1.0,1.0,1.0,1.0,22.427,✓,2026192
8,15,3.98,3.42,4.5,5.0,1.0,4.46,1.0,1.0,1.0,1.0,1.0,1.0,22.358,✓,2026192
9,33,5.0,2.88,4.5,4.0,3.0,2.88,1.0,1.0,1.0,1.0,1.0,1.0,22.26,,2026192
10,1,5.0,3.42,4.5,5.0,1.0,3.3,1.0,1.0,1.0,1.0,1.0,1.0,22.22,✓,2026192
11,27,4.37,2.88,4.5,4.0,3.0,3.2,1.0,1.0,1.0,1.0,1.0,1.0,21.947,,2026192
12,5,3.61,3.42,4.5,5.0,1.0,4.2,1.0,1.0,1.0,1.0,1.0,1.0,21.728,✓,2026192
13,2,5.0,3.42,3.5,5.0,1.0,3.75,1.0,1.0,1.0,1.0,1.0,1.0,21.67,✓,2026192
14,55,4.99,2.64,3.5,5.0,1.0,4.4,1.0,1.0,1.0,1.0,1.0,1.0,21.534,✓,2026192
15,23,4.55,2.88,4.5,5.0,1.0,3.4,1.0,1.0,1.0,1.0,1.0,1.0,21.331,✓,2026192
16,8,2.22,3.42,3.5,4.0,5.0,2.85,1.0,1.0,1.0,1.0,1.0,1.0,20.992,,2026192
17,57,3.41,2.64,3.5,4.0,3.0,4.4,1.0,1.0,1.0,1.0,1.0,1.0,20.951,,2026192
18,13,3.54,3.42,4.5,5.0,1.0,3.43,1.0,1.0,1.0,1.0,1.0,1.0,20.893,✓,2026192
19,9,3.67,3.42,4.5,1.0,5.0,3.0,1.0,1.0,1.0,1.0,1.0,1.0,20.591,,2026192
20,77,3.29,3.06,4.5,5.0,1.0,3.6,1.0,1.0,1.0,1.0,1.0,1.0,20.451,✓,2026192
21,42,5.0,2.64,3.5,5.0,1.0,3.3,1.0,1.0,1.0,1.0,1.0,1.0,20.44,✓,2026192
22,39,4.43,2.88,4.5,4.0,1.0,3.6,1.0,1.0,1.0,1.0,1.0,1.0,20.41,,2026192
23,3,3.73,3.42,4.5,4.0,1.0,3.6,1.0,1.0,1.0,1.0,1.0,1.0,20.248,,2026192
24,6,4.61,3.42,3.5,5.0,1.0,2.1,1.0,1.0,1.0,1.0,1.0,1.0,19.634,✓,2026192
25,21,2.85,2.88,4.5,4.0,3.0,2.4,1.0,1.0,1.0,1.0,1.0,1.0,19.628,,2026192
26,71,3.35,3.06,3.5,5.0,1.0,3.6,1.0,1.0,1.0,1.0,1.0,1.0,19.514,✓,2026192
27,48,1.84,2.64,3.5,4.0,4.5,3.0,1.0,1.0,1.0,1.0,1.0,1.0,19.475,,2026192
28,17,1.08,3.42,4.5,4.0,3.0,3.09,1.0,1.0,1.0,1.0,1.0,1.0,19.082,,2026192
29,37,3.42,2.88,3.5,5.0,1.0,3.12,1.0,1.0,1.0,1.0,1.0,1.0,18.918,✓,2026192
30,46,3.92,2.64,3.5,5.0,1.0,2.4,1.0,1.0,1.0,1.0,1.0,1.0,18.464,✓,2026192
31,76,2.16,3.06,3.5,4.0,4.5,1.2,1.0,1.0,1.0,1.0,1.0,1.0,18.418,,2026192
32,38,2.09,2.88,3.5,4.0,3.0,2.88,1.0,1.0,1.0,1.0,1.0,1.0,18.349,,2026192
33,43,0.0,2.64,4.5,4.0,4.5,2.7,1.0,1.0,1.0,1.0,1.0,1.0,18.34,,2026192
34,31,1.46,2.88,4.5,4.0,3.0,2.4,1.0,1.0,1.0,1.0,1.0,1.0,18.242,,2026192
35,30,4.75,2.88,3.5,4.0,1.0,2.0,1.0,1.0,1.0,1.0,1.0,1.0,18.127,,2026192
36,78,1.7,3.06,3.5,4.0,1.0,4.8,1.0,1.0,1.0,1.0,1.0,1.0,18.063,,2026192
37,32,3.03,2.88,2.5,5.0,1.0,3.6,1.0,1.0,1.0,1.0,1.0,1.0,18.012,✓,2026192
38,72,1.9,3.06,3.5,4.0,3.0,2.4,1.0,1.0,1.0,1.0,1.0,1.0,17.859,,2026192
39,53,2.47,2.64,3.5,5.0,1.0,3.2,1.0,1.0,1.0,1.0,1.0,1.0,17.808,✓,2026192
40,75,0.63,3.06,4.5,5.0,1.0,3.6,1.0,1.0,1.0,1.0,1.0,1.0,17.793,✓,2026192
41,26,0.39,2.88,3.5,4.0,5.0,1.8,1.0,1.0,1.0,1.0,1.0,1.0,17.566,,2026192
42,16,2.09,3.42,3.5,4.0,3.0,1.54,1.0,1.0,1.0,1.0,1.0,1.0,17.558,,2026192
43,7,1.39,3.42,4.5,4.0,1.0,3.15,1.0,1.0,1.0,1.0,1.0,1.0,17.462,,2026192
44,47,0.0,2.64,4.5,4.0,3.0,3.3,1.0,1.0,1.0,1.0,1.0,1.0,17.44,,2026192
45,24,0.26,2.88,3.5,4.0,5.0,1.6,1.0,1.0,1.0,1.0,1.0,1.0,17.239,,2026192
46,41,2.34,2.64,4.5,4.0,1.0,2.7,1.0,1.0,1.0,1.0,1.0,1.0,17.182,,2026192
47,22,2.28,2.88,3.5,4.0,1.0,3.4,1.0,1.0,1.0,1.0,1.0,1.0,17.058,,2026192
48,4,1.14,3.42,3.5,4.0,3.0,1.95,1.0,1.0,1.0,1.0,1.0,1.0,17.009,,2026192
49,14,1.33,3.42,3.5,4.0,3.0,1.71,1.0,1.0,1.0,1.0,1.0,1.0,16.963,,2026192
50,28,1.52,2.88,3.5,5.0,1.0,3.0,1.0,1.0,1.0,1.0,1.0,1.0,16.899,✓,2026192
51,61,4.68,3.06,3.5,1.0,1.0,3.6,1.0,1.0,1.0,1.0,1.0,1.0,16.844,,2026192
52,66,1.77,3.06,3.5,1.0,5.0,2.4,1.0,1.0,1.0,1.0,1.0,1.0,16.732,,2026192
53,56,1.53,2.64,3.5,4.0,3.0,2.0,1.0,1.0,1.0,1.0,1.0,1.0,16.665,,2026192
54,80,4.3,3.06,2.5,1.0,1.0,4.8,1.0,1.0,1.0,1.0,1.0,1.0,16.657,,2026192
55,62,2.78,3.06,3.5,1.0,3.0,3.0,1.0,1.0,1.0,1.0,1.0,1.0,16.345,,2026192
56,67,3.54,3.06,3.5,1.0,1.0,4.2,1.0,1.0,1.0,1.0,1.0,1.0,16.298,,2026192
57,68,0.57,3.06,3.5,1.0,4.5,3.6,1.0,1.0,1.0,1.0,1.0,1.0,16.23,,2026192
58,40,3.16,2.88,3.5,4.0,1.0,1.68,1.0,1.0,1.0,1.0,1.0,1.0,16.225,,2026192
59,29,0.44,2.88,4.5,4.0,1.0,3.4,1.0,1.0,1.0,1.0,1.0,1.0,16.223,,2026192
60,79,0.45,3.06,4.5,4.0,3.0,1.2,1.0,1.0,1.0,1.0,1.0,1.0,16.209,,2026192
61,58,0.82,2.64,3.5,1.0,5.0,3.2,1.0,1.0,1.0,1.0,1.0,1.0,16.163,,2026192
62,59,3.86,2.64,3.5,1.0,1.0,4.0,1.0,1.0,1.0,1.0,1.0,1.0,16.001,,2026192
63,19,1.15,3.42,4.5,1.0,3.0,2.91,1.0,1.0,1.0,1.0,1.0,1.0,15.98,,2026192
64,70,0.0,3.06,3.5,4.0,3.0,2.4,1.0,1.0,1.0,1.0,1.0,1.0,15.96,,2026192
65,49,2.22,2.64,3.5,1.0,3.0,3.6,1.0,1.0,1.0,1.0,1.0,1.0,15.955,,2026192
66,52,0.0,2.64,3.5,4.0,3.0,2.4,1.0,1.0,1.0,1.0,1.0,1.0,15.54,,2026192
67,34,1.46,2.88,3.5,5.0,1.0,1.68,1.0,1.0,1.0,1.0,1.0,1.0,15.516,✓,2026192
68,44,3.1,2.64,3.5,4.0,1.0,1.2,1.0,1.0,1.0,1.0,1.0,1.0,15.441,,2026192
69,36,0.0,2.88,3.5,4.0,3.0,1.92,1.0,1.0,1.0,1.0,1.0,1.0,15.3,,2026192
70,65,1.01,3.06,3.5,1.0,3.0,3.6,1.0,1.0,1.0,1.0,1.0,1.0,15.173,,2026192
71,63,1.21,3.06,3.5,1.0,3.0,3.0,1.0,1.0,1.0,1.0,1.0,1.0,14.769,,2026192
72,54,1.08,2.64,3.5,4.0,3.0,0.4,1.0,1.0,1.0,1.0,1.0,1.0,14.622,,2026192
73,60,0.0,2.64,3.5,1.0,5.0,2.0,1.0,1.0,1.0,1.0,1.0,1.0,14.14,,2026192
74,18,2.97,3.42,2.5,1.0,1.0,3.09,1.0,1.0,1.0,1.0,1.0,1.0,13.98,,2026192
75,51,0.01,2.64,3.5,4.0,1.0,2.8,1.0,1.0,1.0,1.0,1.0,1.0,13.946,,2026192
76,74,0.77,3.06,3.5,4.0,1.0,1.2,1.0,1.0,1.0,1.0,1.0,1.0,13.526,,2026192
77,20,1.65,3.42,2.5,1.0,3.0,1.89,1.0,1.0,1.0,1.0,1.0,1.0,13.458,,2026192
78,10,2.41,3.42,2.5,1.0,1.0,2.1,1.0,1.0,1.0,1.0,1.0,1.0,12.425,,2026192
79,50,0.0,2.64,3.5,1.0,3.0,1.5,1.0,1.0,1.0,1.0,1.0,1.0,11.64,,2026192
80,64,0.2,3.06,2.5,1.0,3.0,0.6,1.0,1.0,1.0,1.0,1.0,1.0,10.356,,2026192
