Run_Time,Target_Period,Params_A,Prob_A_01,Prob_A_02,Prob_A_03,Prob_A_04,Prob_A_05,Prob_A_06,Prob_A_07,Prob_A_08,Prob_A_09,Prob_A_10,Prob_A_11,Prob_A_12,Prob_A_13,Prob_A_14,Prob_A_15,Prob_A_16,Prob_A_17,Prob_A_18,Prob_A_19,Prob_A_20,Prob_A_21,Prob_A_22,Prob_A_23,Prob_A_24,Prob_A_25,Prob_A_26,Prob_A_27,Prob_A_28,Prob_A_29,Prob_A_30,Prob_A_31,Prob_A_32,Prob_A_33,Prob_A_34,Prob_A_35,Prob_A_36,Prob_A_37,Prob_A_38,Prob_A_39,Prob_A_40,Prob_A_41,Prob_A_42,Prob_A_43,Prob_A_44,Prob_A_45,Prob_A_46,Prob_A_47,Prob_A_48,Prob_A_49,Prob_A_50,Prob_A_51,Prob_A_52,Prob_A_53,Prob_A_54,Prob_A_55,Prob_A_56,Prob_A_57,Prob_A_58,Prob_A_59,Prob_A_60,Prob_A_61,Prob_A_62,Prob_A_63,Prob_A_64,Prob_A_65,Prob_A_66,Prob_A_67,Prob_A_68,Prob_A_69,Prob_A_70,Prob_A_71,Prob_A_72,Prob_A_73,Prob_A_74,Prob_A_75,Prob_A_76,Prob_A_77,Prob_A_78,Prob_A_79,Prob_A_80,Params_B,Prob_B_01,Prob_B_02,Prob_B_03,Prob_B_04,Prob_B_05,Prob_B_06,Prob_B_07,Prob_B_08,Prob_B_09,Prob_B_10,Prob_B_11,Prob_B_12,Prob_B_13,Prob_B_14,Prob_B_15,Prob_B_16,Prob_B_17,Prob_B_18,Prob_B_19,Prob_B_20,Prob_B_21,Prob_B_22,Prob_B_23,Prob_B_24,Prob_B_25,Prob_B_26,Prob_B_27,Prob_B_28,Prob_B_29,Prob_B_30,Prob_B_31,Prob_B_32,Prob_B_33,Prob_B_34,Prob_B_35,Prob_B_36,Prob_B_37,Prob_B_38,Prob_B_39,Prob_B_40,Prob_B_41,Prob_B_42,Prob_B_43,Prob_B_44,Prob_B_45,Prob_B_46,Prob_B_47,Prob_B_48,Prob_B_49,Prob_B_50,Prob_B_51,Prob_B_52,Prob_B_53,Prob_B_54,Prob_B_55,Prob_B_56,Prob_B_57,Prob_B_58,Prob_B_59,Prob_B_60,Prob_B_61,Prob_B_62,Prob_B_63,Prob_B_64,Prob_B_65,Prob_B_66,Prob_B_67,Prob_B_68,Prob_B_69,Prob_B_70,Prob_B_71,Prob_B_72,Prob_B_73,Prob_B_74,Prob_B_75,Prob_B_76,Prob_B_77,Prob_B_78,Prob_B_79,Prob_B_80,Params_C,Prob_C_01,Prob_C_02,Prob_C_03,Prob_C_04,Prob_C_05,Prob_C_06,Prob_C_07,Prob_C_08,Prob_C_09,Prob_C_10,Prob_C_11,Prob_C_12,Prob_C_13,Prob_C_14,Prob_C_15,Prob_C_16,Prob_C_17,Prob_C_18,Prob_C_19,Prob_C_20,Prob_C_21,Prob_C_22,Prob_C_23,Prob_C_24,Prob_C_25,Prob_C_26,Prob_C_27,Prob_C_28,Prob_C_29,Prob_C_30,Prob_C_31,Prob_C_32,Prob_C_33,Prob_C_34,Prob_C_35,Prob_C_36,Prob_C_37,Prob_C_38,Prob_C_39,Prob_C_40,Prob_C_41,Prob_C_42,Prob_C_43,Prob_C_44,Prob_C_45,Prob_C_46,Prob_C_47,Prob_C_48,Prob_C_49,Prob_C_50,Prob_C_51,Prob_C_52,Prob_C_53,Prob_C_54,Prob_C_55,Prob_C_56,Prob_C_57,Prob_C_58,Prob_C_59,Prob_C_60,Prob_C_61,Prob_C_62,Prob_C_63,Prob_C_64,Prob_C_65,Prob_C_66,Prob_C_67,Prob_C_68,Prob_C_69,Prob_C_70,Prob_C_71,Prob_C_72,Prob_C_73,Prob_C_74,Prob_C_75,Prob_C_76,Prob_C_77,Prob_C_78,Prob_C_79,Prob_C_80,Params_D,Prob_D_01,Prob_D_02,Prob_D_03,Prob_D_04,Prob_D_05,Prob_D_06,Prob_D_07,Prob_D_08,Prob_D_09,Prob_D_10,Prob_D_11,Prob_D_12,Prob_D_13,Prob_D_14,Prob_D_15,Prob_D_16,Prob_D_17,Prob_D_18,Prob_D_19,Prob_D_20,Prob_D_21,Prob_D_22,Prob_D_23,Prob_D_24,Prob_D_25,Prob_D_26,Prob_D_27,Prob_D_28,Prob_D_29,Prob_D_30,Prob_D_31,Prob_D_32,Prob_D_33,Prob_D_34,Prob_D_35,Prob_D_36,Prob_D_37,Prob_D_38,Prob_D_39,Prob_D_40,Prob_D_41,Prob_D_42,Prob_D_43,Prob_D_44,Prob_D_45,Prob_D_46,Prob_D_47,Prob_D_48,Prob_D_49,Prob_D_50,Prob_D_51,Prob_D_52,Prob_D_53,Prob_D_54,Prob_D_55,Prob_D_56,Prob_D_57,Prob_D_58,Prob_D_59,Prob_D_60,Prob_D_61,Prob_D_62,Prob_D_63,Prob_D_64,Prob_D_65,Prob_D_66,Prob_D_67,Prob_D_68,Prob_D_69,Prob_D_70,Prob_D_71,Prob_D_72,Prob_D_73,Prob_D_74,Prob_D_75,Prob_D_76,Prob_D_77,Prob_D_78,Prob_D_79,Prob_D_80
2026-03-02 21:36:37,2026041,"{""search_limit"": 3000, ""top_matches"": 20, ""weights"": {""overlap"": 10, ""sum"": 0.1, ""ac"": 0.5, ""consecutive"": 2.0, ""neighbor"": 1.5, ""repeat"": 1.0, ""jump"": 0.5, ""omission"": 1.0}}",0.0050,0.0125,0.0150,0.0050,0.0175,0.0100,0.0200,0.0100,0.0100,0.0100,0.0150,0.0100,0.0100,0.0125,0.0150,0.0125,0.0150,0.0125,0.0200,0.0050,0.0150,0.0175,0.0150,0.0075,0.0150,0.0100,0.0175,0.0150,0.0075,0.0050,0.0150,0.0075,0.0100,0.0150,0.0125,0.0150,0.0200,0.0075,0.0100,0.0100,0.0100,0.0100,0.0100,0.0100,0.0150,0.0200,0.0075,0.0150,0.0075,0.0100,0.0050,0.0175,0.0100,0.0175,0.0125,0.0125,0.0025,0.0125,0.0100,0.0200,0.0175,0.0250,0.0225,0.0100,0.0075,0.0150,0.0200,0.0075,0.0100,0.0075,0.0150,0.0075,0.0100,0.0125,0.0125,0.0175,0.0150,0.0200,0.0100,0.0125,"{""n_estimators"": 1000, ""max_depth"": 15, ""min_samples_split"": 10, ""min_samples_leaf"": 5, ""max_features"": ""log2"", ""random_state"": 42, ""n_jobs"": -1}",0.2402,0.2544,0.2394,0.2519,0.2371,0.2509,0.2398,0.2388,0.2533,0.2457,0.2466,0.2602,0.2578,0.2456,0.2568,0.2716,0.2437,0.2438,0.2430,0.2555,0.2450,0.2484,0.2321,0.2554,0.2673,0.2516,0.2495,0.2519,0.2224,0.2507,0.2593,0.2598,0.2424,0.2469,0.2525,0.2501,0.2608,0.2424,0.2465,0.2516,0.2548,0.2566,0.2566,0.2315,0.2529,0.2378,0.2506,0.2417,0.2508,0.2458,0.2681,0.2440,0.2634,0.2612,0.2455,0.2461,0.2520,0.2392,0.2352,0.2440,0.2465,0.2652,0.2470,0.2479,0.2583,0.2726,0.2431,0.2463,0.2541,0.2488,0.2484,0.2552,0.2504,0.2619,0.2480,0.2572,0.2560,0.2503,0.2492,0.2531,"{""n_estimators"": 500, ""max_depth"": 8, ""learning_rate"": 0.02, ""subsample"": 0.8, ""colsample_bytree"": 0.8, ""gamma"": 0.1, ""scale_pos_weight"": 5, ""random_state"": 42, ""n_jobs"": -1, ""eval_metric"": ""logloss""}",0.2712,0.4937,0.3026,0.4518,0.3673,0.1630,0.2596,0.0921,0.3278,0.1443,0.1486,0.2358,0.2353,0.2896,0.3012,0.6177,0.2018,0.1542,0.1961,0.2851,0.5288,0.2239,0.2581,0.2108,0.6019,0.2850,0.2157,0.3949,0.0638,0.2890,0.0932,0.5585,0.3231,0.1375,0.1477,0.3599,0.5707,0.1257,0.1155,0.2348,0.2938,0.2129,0.3512,0.1995,0.4361,0.0685,0.2479,0.3470,0.3754,0.3081,0.3436,0.4475,0.2711,0.4732,0.2782,0.1665,0.3508,0.3183,0.1586,0.1340,0.3114,0.2065,0.0950,0.4185,0.4319,0.5755,0.1507,0.3474,0.4007,0.2575,0.3148,0.3818,0.3644,0.1814,0.1657,0.3245,0.3337,0.1497,0.3127,0.1801,"{""embedding_dim"": 16, ""hidden_dim"": 32, ""num_layers"": 1, ""dropout"": 0.5, ""lr"": 0.001, ""epochs"": 100}",0.0127,0.0124,0.0121,0.0122,0.0130,0.0119,0.0129,0.0125,0.0124,0.0114,0.0140,0.0128,0.0121,0.0119,0.0134,0.0136,0.0117,0.0115,0.0127,0.0130,0.0132,0.0121,0.0121,0.0121,0.0118,0.0124,0.0146,0.0133,0.0117,0.0127,0.0112,0.0133,0.0121,0.0129,0.0128,0.0124,0.0123,0.0117,0.0127,0.0129,0.0130,0.0112,0.0126,0.0118,0.0121,0.0127,0.0128,0.0131,0.0128,0.0120,0.0134,0.0124,0.0139,0.0122,0.0125,0.0138,0.0131,0.0126,0.0129,0.0113,0.0125,0.0116,0.0129,0.0120,0.0132,0.0126,0.0125,0.0121,0.0125,0.0123,0.0132,0.0115,0.0121,0.0120,0.0130,0.0121,0.0116,0.0124,0.0126,0.0127
2026-03-02 21:36:37,2026042,"{""search_limit"": 3000, ""top_matches"": 20, ""weights"": {""overlap"": 10, ""sum"": 0.1, ""ac"": 0.5, ""consecutive"": 2.0, ""neighbor"": 1.5, ""repeat"": 1.0, ""jump"": 0.5, ""omission"": 1.0}}",0.0050,0.0150,0.0125,0.0100,0.0075,0.0100,0.0125,0.0150,0.0150,0.0150,0.0175,0.0150,0.0125,0.0125,0.0175,0.0100,0.0125,0.0025,0.0200,0.0100,0.0125,0.0075,0.0075,0.0125,0.0175,0.0150,0.0125,0.0150,0.0050,0.0125,0.0100,0.0200,0.0050,0.0075,0.0150,0.0150,0.0175,0.0150,0.0200,0.0150,0.0175,0.0125,0.0150,0.0050,0.0100,0.0100,0.0150,0.0200,0.0125,0.0100,0.0100,0.0075,0.0075,0.0175,0.0100,0.0100,0.0150,0.0150,0.0125,0.0100,0.0200,0.0225,0.0075,0.0125,0.0150,0.0050,0.0100,0.0150,0.0100,0.0175,0.0100,0.0125,0.0150,0.0150,0.0125,0.0100,0.0125,0.0125,0.0050,0.0125,"{""n_estimators"": 1000, ""max_depth"": 15, ""min_samples_split"": 10, ""min_samples_leaf"": 5, ""max_features"": ""log2"", ""random_state"": 42, ""n_jobs"": -1}",0.2275,0.2550,0.2461,0.2571,0.2430,0.2551,0.2366,0.2535,0.2499,0.2372,0.2451,0.2699,0.2473,0.2481,0.2560,0.2485,0.2518,0.2526,0.2458,0.2458,0.2474,0.2390,0.2401,0.2506,0.2586,0.2659,0.2610,0.2504,0.2269,0.2692,0.2631,0.2478,0.2498,0.2448,0.2476,0.2580,0.2509,0.2492,0.2420,0.2366,0.2601,0.2360,0.2376,0.2264,0.2458,0.2537,0.2612,0.2497,0.2507,0.2311,0.2620,0.2616,0.2493,0.2497,0.2646,0.2615,0.2574,0.2408,0.2457,0.2569,0.2531,0.2549,0.2491,0.2592,0.2417,0.2695,0.2409,0.2636,0.2617,0.2444,0.2527,0.2455,0.2508,0.2504,0.2512,0.2433,0.2300,0.2488,0.2650,0.2519,"{""n_estimators"": 500, ""max_depth"": 8, ""learning_rate"": 0.02, ""subsample"": 0.8, ""colsample_bytree"": 0.8, ""gamma"": 0.1, ""scale_pos_weight"": 5, ""random_state"": 42, ""n_jobs"": -1, ""eval_metric"": ""logloss""}",0.2387,0.2290,0.1275,0.4506,0.3610,0.2163,0.2866,0.2151,0.3011,0.2199,0.2800,0.2547,0.3088,0.2546,0.3255,0.3494,0.3332,0.1273,0.2080,0.2240,0.4749,0.3718,0.4050,0.3962,0.3702,0.3806,0.2961,0.2079,0.0958,0.1952,0.1387,0.1442,0.2580,0.2588,0.0945,0.3201,0.2209,0.1636,0.3272,0.1172,0.3219,0.1631,0.1402,0.1311,0.3222,0.3576,0.1400,0.2313,0.1648,0.1879,0.2392,0.4048,0.3233,0.3061,0.3536,0.3047,0.4584,0.2315,0.2414,0.1172,0.3534,0.2543,0.0861,0.3805,0.3313,0.2999,0.0800,0.3909,0.4189,0.2590,0.2121,0.4086,0.4999,0.1889,0.3368,0.1462,0.1407,0.0969,0.1550,0.4107,"{""embedding_dim"": 16, ""hidden_dim"": 32, ""num_layers"": 1, ""dropout"": 0.5, ""lr"": 0.001, ""epochs"": 100}",0.0124,0.0126,0.0131,0.0127,0.0129,0.0122,0.0126,0.0121,0.0126,0.0123,0.0130,0.0131,0.0129,0.0113,0.0128,0.0134,0.0125,0.0128,0.0128,0.0131,0.0143,0.0111,0.0128,0.0115,0.0117,0.0114,0.0157,0.0128,0.0125,0.0131,0.0115,0.0125,0.0119,0.0125,0.0129,0.0122,0.0119,0.0117,0.0116,0.0117,0.0128,0.0118,0.0119,0.0120,0.0120,0.0141,0.0123,0.0123,0.0113,0.0123,0.0127,0.0126,0.0146,0.0129,0.0133,0.0133,0.0126,0.0127,0.0121,0.0121,0.0128,0.0120,0.0129,0.0121,0.0120,0.0128,0.0122,0.0121,0.0128,0.0118,0.0136,0.0112,0.0132,0.0123,0.0129,0.0109,0.0122,0.0123,0.0128,0.0130
2026-03-02 21:36:37,2026043,"{""search_limit"": 3000, ""top_matches"": 20, ""weights"": {""overlap"": 10, ""sum"": 0.1, ""ac"": 0.5, ""consecutive"": 2.0, ""neighbor"": 1.5, ""repeat"": 1.0, ""jump"": 0.5, ""omission"": 1.0}}",0.0150,0.0150,0.0100,0.0175,0.0075,0.0100,0.0175,0.0125,0.0150,0.0075,0.0150,0.0075,0.0125,0.0200,0.0150,0.0150,0.0150,0.0050,0.0075,0.0200,0.0125,0.0150,0.0075,0.0075,0.0125,0.0050,0.0175,0.0150,0.0075,0.0150,0.0100,0.0175,0.0250,0.0200,0.0075,0.0075,0.0250,0.0150,0.0100,0.0125,0.0050,0.0075,0.0075,0.0175,0.0100,0.0100,0.0100,0.0075,0.0050,0.0175,0.0050,0.0050,0.0075,0.0225,0.0100,0.0125,0.0075,0.0100,0.0100,0.0125,0.0175,0.0175,0.0100,0.0100,0.0125,0.0100,0.0075,0.0125,0.0075,0.0075,0.0150,0.0150,0.0175,0.0200,0.0250,0.0125,0.0175,0.0200,0.0125,0.0075,"{""n_estimators"": 1000, ""max_depth"": 15, ""min_samples_split"": 10, ""min_samples_leaf"": 5, ""max_features"": ""log2"", ""random_state"": 42, ""n_jobs"": -1}",0.2503,0.2492,0.2463,0.2500,0.2416,0.2626,0.2546,0.2685,0.2403,0.2295,0.2427,0.2653,0.2502,0.2438,0.2551,0.2517,0.2601,0.2411,0.2380,0.2552,0.2733,0.2388,0.2480,0.2342,0.2502,0.2609,0.2636,0.2500,0.2507,0.2402,0.2496,0.2538,0.2513,0.2685,0.2439,0.2528,0.2579,0.2278,0.2431,0.2334,0.2699,0.2502,0.2433,0.2267,0.2588,0.2453,0.2564,0.2398,0.2418,0.2488,0.2453,0.2491,0.2523,0.2363,0.2478,0.2611,0.2701,0.2450,0.2416,0.2569,0.2498,0.2576,0.2644,0.2491,0.2404,0.2496,0.2437,0.2434,0.2551,0.2513,0.2564,0.2547,0.2507,0.2627,0.2542,0.2392,0.2355,0.2517,0.2556,0.2601,"{""n_estimators"": 500, ""max_depth"": 8, ""learning_rate"": 0.02, ""subsample"": 0.8, ""colsample_bytree"": 0.8, ""gamma"": 0.1, ""scale_pos_weight"": 5, ""random_state"": 42, ""n_jobs"": -1, ""eval_metric"": ""logloss""}",0.2953,0.1184,0.2173,0.4484,0.4408,0.4280,0.6461,0.3340,0.1185,0.0510,0.3457,0.3755,0.3798,0.5809,0.2948,0.3234,0.5582,0.1251,0.2097,0.3285,0.7061,0.1398,0.4066,0.1016,0.3578,0.1047,0.6002,0.3898,0.1922,0.2488,0.1970,0.1926,0.3610,0.2678,0.1040,0.3151,0.4513,0.1953,0.3719,0.0955,0.1896,0.2659,0.1678,0.1776,0.2791,0.1103,0.2176,0.2339,0.2173,0.2817,0.0473,0.2629,0.5264,0.4049,0.2560,0.4546,0.7108,0.2201,0.2694,0.5045,0.3105,0.3353,0.5227,0.1065,0.4637,0.5630,0.2961,0.0436,0.1282,0.1383,0.2029,0.5715,0.5034,0.2082,0.3788,0.1087,0.2236,0.4149,0.2285,0.3271,"{""embedding_dim"": 16, ""hidden_dim"": 32, ""num_layers"": 1, ""dropout"": 0.5, ""lr"": 0.001, ""epochs"": 100}",0.0129,0.0131,0.0125,0.0118,0.0130,0.0121,0.0130,0.0128,0.0132,0.0123,0.0129,0.0133,0.0127,0.0125,0.0137,0.0124,0.0118,0.0128,0.0128,0.0125,0.0135,0.0112,0.0123,0.0118,0.0125,0.0122,0.0143,0.0124,0.0126,0.0130,0.0107,0.0127,0.0117,0.0126,0.0125,0.0120,0.0121,0.0116,0.0120,0.0126,0.0127,0.0115,0.0118,0.0119,0.0126,0.0125,0.0128,0.0127,0.0120,0.0123,0.0119,0.0127,0.0132,0.0138,0.0120,0.0125,0.0124,0.0132,0.0128,0.0125,0.0120,0.0126,0.0129,0.0128,0.0126,0.0124,0.0122,0.0123,0.0125,0.0122,0.0128,0.0118,0.0129,0.0124,0.0124,0.0113,0.0134,0.0129,0.0127,0.0129
2026-03-02 21:36:37,2026044,"{""search_limit"": 3000, ""top_matches"": 20, ""weights"": {""overlap"": 10, ""sum"": 0.1, ""ac"": 0.5, ""consecutive"": 2.0, ""neighbor"": 1.5, ""repeat"": 1.0, ""jump"": 0.5, ""omission"": 1.0}}",0.0125,0.0125,0.0150,0.0200,0.0025,0.0100,0.0225,0.0100,0.0075,0.0125,0.0150,0.0125,0.0175,0.0175,0.0100,0.0125,0.0150,0.0150,0.0075,0.0100,0.0150,0.0125,0.0100,0.0125,0.0125,0.0150,0.0175,0.0075,0.0100,0.0150,0.0125,0.0125,0.0325,0.0150,0.0125,0.0100,0.0175,0.0200,0.0200,0.0125,0.0175,0.0100,0.0125,0.0175,0.0100,0.0100,0.0150,0.0025,0.0075,0.0100,0.0050,0.0025,0.0075,0.0150,0.0100,0.0100,0.0075,0.0125,0.0025,0.0050,0.0200,0.0125,0.0125,0.0150,0.0075,0.0125,0.0075,0.0150,0.0075,0.0125,0.0150,0.0150,0.0200,0.0100,0.0125,0.0100,0.0075,0.0225,0.0125,0.0125,"{""n_estimators"": 1000, ""max_depth"": 15, ""min_samples_split"": 10, ""min_samples_leaf"": 5, ""max_features"": ""log2"", ""random_state"": 42, ""n_jobs"": -1}",0.2454,0.2490,0.2483,0.2494,0.2385,0.2634,0.2623,0.2505,0.2345,0.2233,0.2505,0.2686,0.2459,0.2524,0.2546,0.2451,0.2629,0.2401,0.2501,0.2377,0.2564,0.2536,0.2557,0.2408,0.2627,0.2455,0.2667,0.2707,0.2376,0.2360,0.2462,0.2439,0.2550,0.2509,0.2486,0.2590,0.2580,0.2409,0.2562,0.2553,0.2693,0.2469,0.2330,0.2334,0.2588,0.2505,0.2511,0.2629,0.2408,0.2493,0.2376,0.2573,0.2538,0.2364,0.2437,0.2640,0.2466,0.2538,0.2357,0.2391,0.2482,0.2462,0.2565,0.2689,0.2442,0.2644,0.2365,0.2568,0.2455,0.2539,0.2596,0.2451,0.2482,0.2545,0.2501,0.2383,0.2543,0.2498,0.2527,0.2504,"{""n_estimators"": 500, ""max_depth"": 8, ""learning_rate"": 0.02, ""subsample"": 0.8, ""colsample_bytree"": 0.8, ""gamma"": 0.1, ""scale_pos_weight"": 5, ""random_state"": 42, ""n_jobs"": -1, ""eval_metric"": ""logloss""}",0.1721,0.2053,0.2035,0.2071,0.2836,0.4270,0.4490,0.0872,0.0866,0.0438,0.2435,0.4453,0.1546,0.2757,0.4408,0.1119,0.2628,0.3044,0.1316,0.0606,0.2709,0.2151,0.3676,0.1322,0.4556,0.1085,0.2482,0.3467,0.3096,0.0792,0.0750,0.1950,0.4080,0.4026,0.1902,0.6482,0.3030,0.2528,0.3201,0.2838,0.5946,0.2934,0.0751,0.1897,0.6330,0.1558,0.0833,0.3574,0.1321,0.2798,0.1464,0.2695,0.2440,0.1367,0.2804,0.4637,0.2385,0.2149,0.1319,0.0946,0.2759,0.1283,0.5350,0.3932,0.3381,0.3515,0.1090,0.2343,0.1579,0.2363,0.3729,0.1710,0.3469,0.4478,0.2526,0.0765,0.2845,0.2935,0.1861,0.1466,"{""embedding_dim"": 16, ""hidden_dim"": 32, ""num_layers"": 1, ""dropout"": 0.5, ""lr"": 0.001, ""epochs"": 100}",0.0121,0.0137,0.0122,0.0119,0.0129,0.0127,0.0132,0.0123,0.0127,0.0128,0.0127,0.0135,0.0129,0.0132,0.0128,0.0126,0.0114,0.0119,0.0125,0.0120,0.0128,0.0118,0.0121,0.0113,0.0129,0.0120,0.0134,0.0130,0.0117,0.0125,0.0112,0.0126,0.0117,0.0129,0.0129,0.0122,0.0127,0.0116,0.0127,0.0122,0.0123,0.0118,0.0125,0.0131,0.0124,0.0126,0.0117,0.0130,0.0134,0.0129,0.0121,0.0132,0.0133,0.0131,0.0121,0.0128,0.0125,0.0124,0.0130,0.0120,0.0121,0.0125,0.0136,0.0128,0.0131,0.0124,0.0125,0.0130,0.0125,0.0130,0.0137,0.0118,0.0126,0.0121,0.0114,0.0116,0.0121,0.0119,0.0118,0.0129
2026-03-02 21:36:37,2026045,"{""search_limit"": 3000, ""top_matches"": 20, ""weights"": {""overlap"": 10, ""sum"": 0.1, ""ac"": 0.5, ""consecutive"": 2.0, ""neighbor"": 1.5, ""repeat"": 1.0, ""jump"": 0.5, ""omission"": 1.0}}",0.0200,0.0075,0.0200,0.0175,0.0050,0.0125,0.0125,0.0050,0.0075,0.0125,0.0075,0.0175,0.0125,0.0100,0.0075,0.0100,0.0150,0.0150,0.0175,0.0150,0.0125,0.0075,0.0225,0.0175,0.0100,0.0125,0.0125,0.0150,0.0075,0.0050,0.0125,0.0100,0.0200,0.0100,0.0100,0.0175,0.0100,0.0050,0.0175,0.0125,0.0125,0.0150,0.0075,0.0100,0.0100,0.0075,0.0100,0.0100,0.0100,0.0175,0.0025,0.0075,0.0175,0.0150,0.0175,0.0175,0.0150,0.0125,0.0100,0.0150,0.0225,0.0175,0.0125,0.0100,0.0225,0.0025,0.0175,0.0175,0.0150,0.0050,0.0125,0.0150,0.0100,0.0075,0.0075,0.0100,0.0125,0.0200,0.0200,0.0075,"{""n_estimators"": 1000, ""max_depth"": 15, ""min_samples_split"": 10, ""min_samples_leaf"": 5, ""max_features"": ""log2"", ""random_state"": 42, ""n_jobs"": -1}",0.2597,0.2420,0.2666,0.2416,0.2359,0.2484,0.2405,0.2527,0.2431,0.2216,0.2433,0.2485,0.2640,0.2520,0.2463,0.2690,0.2676,0.2423,0.2557,0.2562,0.2491,0.2324,0.2619,0.2400,0.2500,0.2431,0.2643,0.2651,0.2347,0.2492,0.2506,0.2451,0.2588,0.2514,0.2470,0.2509,0.2557,0.2416,0.2378,0.2552,0.2548,0.2449,0.2416,0.2376,0.2728,0.2302,0.2667,0.2584,0.2300,0.2501,0.2444,0.2574,0.2636,0.2407,0.2645,0.2452,0.2585,0.2393,0.2423,0.2590,0.2593,0.2437,0.2720,0.2527,0.2524,0.2566,0.2510,0.2518,0.2504,0.2401,0.2384,0.2462,0.2393,0.2547,0.2447,0.2529,0.2494,0.2567,0.2518,0.2529,"{""n_estimators"": 500, ""max_depth"": 8, ""learning_rate"": 0.02, ""subsample"": 0.8, ""colsample_bytree"": 0.8, ""gamma"": 0.1, ""scale_pos_weight"": 5, ""random_state"": 42, ""n_jobs"": -1, ""eval_metric"": ""logloss""}",0.2888,0.0761,0.3413,0.4454,0.0774,0.2057,0.3871,0.1409,0.1247,0.0171,0.0870,0.4191,0.2969,0.7286,0.1505,0.1630,0.2873,0.2637,0.2094,0.3784,0.2839,0.0722,0.3116,0.0986,0.0950,0.1821,0.5079,0.3453,0.0795,0.1748,0.1226,0.0790,0.2142,0.1445,0.1144,0.0859,0.1872,0.1206,0.1966,0.1984,0.2494,0.3181,0.0916,0.2618,0.2731,0.1457,0.3734,0.2117,0.0650,0.1193,0.1446,0.2272,0.3145,0.1110,0.1973,0.1868,0.2972,0.1219,0.2998,0.3743,0.3120,0.1100,0.2948,0.1554,0.1104,0.2012,0.2550,0.2425,0.1025,0.1940,0.1128,0.1820,0.1968,0.3446,0.1448,0.2856,0.2032,0.2339,0.3246,0.1732,"{""embedding_dim"": 16, ""hidden_dim"": 32, ""num_layers"": 1, ""dropout"": 0.5, ""lr"": 0.001, ""epochs"": 100}",0.0134,0.0126,0.0126,0.0122,0.0130,0.0131,0.0130,0.0130,0.0128,0.0118,0.0130,0.0140,0.0134,0.0119,0.0120,0.0130,0.0125,0.0114,0.0119,0.0121,0.0128,0.0114,0.0112,0.0120,0.0127,0.0124,0.0145,0.0132,0.0114,0.0125,0.0118,0.0131,0.0119,0.0124,0.0129,0.0123,0.0123,0.0118,0.0125,0.0115,0.0128,0.0113,0.0128,0.0122,0.0113,0.0126,0.0130,0.0131,0.0124,0.0129,0.0128,0.0128,0.0131,0.0132,0.0120,0.0133,0.0133,0.0129,0.0129,0.0115,0.0127,0.0128,0.0127,0.0123,0.0122,0.0128,0.0119,0.0119,0.0128,0.0117,0.0135,0.0123,0.0122,0.0125,0.0117,0.0123,0.0129,0.0121,0.0124,0.0123
2026-03-02 21:36:37,2026046,"{""search_limit"": 3000, ""top_matches"": 20, ""weights"": {""overlap"": 10, ""sum"": 0.1, ""ac"": 0.5, ""consecutive"": 2.0, ""neighbor"": 1.5, ""repeat"": 1.0, ""jump"": 0.5, ""omission"": 1.0}}",0.0150,0.0075,0.0175,0.0150,0.0150,0.0125,0.0100,0.0125,0.0075,0.0125,0.0150,0.0175,0.0075,0.0175,0.0150,0.0125,0.0075,0.0100,0.0125,0.0125,0.0175,0.0125,0.0100,0.0150,0.0125,0.0125,0.0100,0.0100,0.0000,0.0100,0.0050,0.0125,0.0175,0.0050,0.0150,0.0150,0.0125,0.0050,0.0125,0.0100,0.0100,0.0150,0.0025,0.0125,0.0150,0.0075,0.0125,0.0050,0.0175,0.0100,0.0175,0.0075,0.0100,0.0175,0.0150,0.0125,0.0100,0.0150,0.0125,0.0100,0.0200,0.0125,0.0175,0.0150,0.0100,0.0125,0.0100,0.0175,0.0150,0.0225,0.0200,0.0175,0.0200,0.0050,0.0100,0.0100,0.0100,0.0150,0.0125,0.0200,"{""n_estimators"": 1000, ""max_depth"": 15, ""min_samples_split"": 10, ""min_samples_leaf"": 5, ""max_features"": ""log2"", ""random_state"": 42, ""n_jobs"": -1}",0.2453,0.2474,0.2730,0.2666,0.2672,0.2431,0.2434,0.2371,0.2502,0.2286,0.2553,0.2734,0.2546,0.2514,0.2328,0.2306,0.2453,0.2605,0.2473,0.2513,0.2314,0.2312,0.2520,0.2501,0.2461,0.2405,0.2557,0.2764,0.2425,0.2419,0.2399,0.2324,0.2511,0.2409,0.2585,0.2489,0.2467,0.2570,0.2420,0.2502,0.2514,0.2428,0.2449,0.2339,0.2672,0.2336,0.2568,0.2411,0.2535,0.2529,0.2577,0.2383,0.2647,0.2505,0.2532,0.2484,0.2489,0.2411,0.2650,0.2724,0.2657,0.2284,0.2768,0.2458,0.2599,0.2464,0.2603,0.2659,0.2514,0.2497,0.2583,0.2399,0.2425,0.2509,0.2520,0.2594,0.2429,0.2486,0.2594,0.2382,"{""n_estimators"": 500, ""max_depth"": 8, ""learning_rate"": 0.02, ""subsample"": 0.8, ""colsample_bytree"": 0.8, ""gamma"": 0.1, ""scale_pos_weight"": 5, ""random_state"": 42, ""n_jobs"": -1, ""eval_metric"": ""logloss""}",0.1092,0.3592,0.6266,0.3909,0.3262,0.1097,0.2107,0.1888,0.1483,0.0303,0.2105,0.5181,0.2179,0.1951,0.0645,0.0453,0.0724,0.2302,0.2085,0.2229,0.1425,0.1193,0.2256,0.1632,0.1368,0.1872,0.1099,0.3787,0.0603,0.0735,0.0578,0.1547,0.1561,0.1350,0.2430,0.3056,0.2081,0.2568,0.1860,0.2002,0.1021,0.3937,0.1004,0.0529,0.1867,0.0933,0.1900,0.0979,0.1136,0.2067,0.2715,0.2011,0.3804,0.0704,0.0718,0.1807,0.2812,0.1234,0.1929,0.2694,0.3496,0.0402,0.2569,0.1618,0.1919,0.0713,0.4925,0.4835,0.1509,0.3464,0.2800,0.2756,0.1834,0.2028,0.3892,0.2159,0.2273,0.4362,0.1619,0.1487,"{""embedding_dim"": 16, ""hidden_dim"": 32, ""num_layers"": 1, ""dropout"": 0.5, ""lr"": 0.001, ""epochs"": 100}",0.0118,0.0131,0.0140,0.0110,0.0132,0.0128,0.0140,0.0126,0.0120,0.0129,0.0121,0.0143,0.0115,0.0129,0.0123,0.0129,0.0115,0.0119,0.0118,0.0118,0.0130,0.0117,0.0117,0.0119,0.0126,0.0139,0.0126,0.0128,0.0119,0.0117,0.0111,0.0133,0.0114,0.0130,0.0126,0.0126,0.0124,0.0102,0.0128,0.0125,0.0126,0.0117,0.0120,0.0122,0.0116,0.0121,0.0126,0.0132,0.0122,0.0129,0.0136,0.0128,0.0141,0.0130,0.0116,0.0134,0.0140,0.0128,0.0129,0.0119,0.0134,0.0126,0.0125,0.0130,0.0120,0.0130,0.0118,0.0124,0.0116,0.0126,0.0144,0.0138,0.0124,0.0130,0.0117,0.0117,0.0117,0.0116,0.0127,0.0131
2026-03-02 21:36:37,2026047,"{""search_limit"": 3000, ""top_matches"": 20, ""weights"": {""overlap"": 10, ""sum"": 0.1, ""ac"": 0.5, ""consecutive"": 2.0, ""neighbor"": 1.5, ""repeat"": 1.0, ""jump"": 0.5, ""omission"": 1.0}}",0.0125,0.0075,0.0175,0.0200,0.0150,0.0075,0.0225,0.0050,0.0075,0.0100,0.0200,0.0100,0.0050,0.0100,0.0125,0.0125,0.0075,0.0050,0.0125,0.0175,0.0200,0.0125,0.0125,0.0150,0.0050,0.0200,0.0050,0.0200,0.0150,0.0075,0.0125,0.0075,0.0150,0.0100,0.0175,0.0125,0.0100,0.0175,0.0075,0.0125,0.0150,0.0225,0.0100,0.0075,0.0050,0.0175,0.0100,0.0075,0.0150,0.0125,0.0150,0.0125,0.0150,0.0100,0.0075,0.0175,0.0050,0.0150,0.0125,0.0100,0.0200,0.0175,0.0150,0.0050,0.0150,0.0100,0.0150,0.0075,0.0125,0.0125,0.0150,0.0100,0.0100,0.0150,0.0200,0.0125,0.0175,0.0100,0.0125,0.0125,"{""n_estimators"": 1000, ""max_depth"": 15, ""min_samples_split"": 10, ""min_samples_leaf"": 5, ""max_features"": ""log2"", ""random_state"": 42, ""n_jobs"": -1}",0.2445,0.2567,0.2619,0.2721,0.2500,0.2315,0.2378,0.2290,0.2516,0.2489,0.2669,0.2720,0.2601,0.2520,0.2551,0.2404,0.2432,0.2431,0.2449,0.2395,0.2642,0.2241,0.2610,0.2433,0.2661,0.2526,0.2589,0.2694,0.2369,0.2571,0.2484,0.2447,0.2428,0.2464,0.2541,0.2510,0.2552,0.2325,0.2380,0.2517,0.2655,0.2654,0.2299,0.2446,0.2684,0.2363,0.2500,0.2486,0.2526,0.2629,0.2562,0.2409,0.2515,0.2469,0.2500,0.2450,0.2505,0.2548,0.2679,0.2429,0.2586,0.2326,0.2511,0.2456,0.2567,0.2483,0.2615,0.2370,0.2568,0.2481,0.2492,0.2432,0.2273,0.2376,0.2434,0.2571,0.2415,0.2628,0.2653,0.2460,"{""n_estimators"": 500, ""max_depth"": 8, ""learning_rate"": 0.02, ""subsample"": 0.8, ""colsample_bytree"": 0.8, ""gamma"": 0.1, ""scale_pos_weight"": 5, ""random_state"": 42, ""n_jobs"": -1, ""eval_metric"": ""logloss""}",0.2128,0.5350,0.2220,0.6176,0.2231,0.0829,0.0833,0.1599,0.1918,0.2050,0.3303,0.2514,0.2249,0.2683,0.3120,0.0619,0.1548,0.1021,0.0806,0.0857,0.2604,0.0955,0.3340,0.1121,0.4295,0.3259,0.1240,0.3872,0.0783,0.1572,0.1367,0.2302,0.1498,0.0918,0.5135,0.2060,0.1214,0.1122,0.1019,0.0838,0.2467,0.5267,0.1744,0.0952,0.2148,0.0604,0.0940,0.2109,0.2692,0.3275,0.1717,0.1602,0.1490,0.1181,0.1331,0.1315,0.1221,0.2351,0.3490,0.1242,0.1759,0.0455,0.1664,0.0438,0.1925,0.1510,0.2037,0.0874,0.4409,0.1150,0.4031,0.4094,0.0554,0.1314,0.3666,0.3469,0.1417,0.7378,0.4084,0.0710,"{""embedding_dim"": 16, ""hidden_dim"": 32, ""num_layers"": 1, ""dropout"": 0.5, ""lr"": 0.001, ""epochs"": 100}",0.0117,0.0130,0.0136,0.0118,0.0132,0.0123,0.0131,0.0125,0.0132,0.0125,0.0129,0.0141,0.0125,0.0119,0.0132,0.0136,0.0120,0.0113,0.0131,0.0120,0.0131,0.0112,0.0121,0.0120,0.0119,0.0117,0.0147,0.0131,0.0113,0.0133,0.0117,0.0127,0.0124,0.0128,0.0126,0.0124,0.0117,0.0110,0.0119,0.0117,0.0139,0.0107,0.0118,0.0117,0.0120,0.0129,0.0123,0.0127,0.0118,0.0127,0.0124,0.0132,0.0136,0.0128,0.0119,0.0133,0.0131,0.0127,0.0128,0.0120,0.0128,0.0119,0.0129,0.0127,0.0124,0.0125,0.0115,0.0126,0.0129,0.0125,0.0140,0.0120,0.0127,0.0133,0.0123,0.0115,0.0126,0.0122,0.0126,0.0129
2026-03-02 21:36:37,2026048,"{""search_limit"": 3000, ""top_matches"": 20, ""weights"": {""overlap"": 10, ""sum"": 0.1, ""ac"": 0.5, ""consecutive"": 2.0, ""neighbor"": 1.5, ""repeat"": 1.0, ""jump"": 0.5, ""omission"": 1.0}}",0.0100,0.0275,0.0225,0.0100,0.0100,0.0100,0.0150,0.0100,0.0150,0.0200,0.0175,0.0150,0.0075,0.0050,0.0075,0.0125,0.0075,0.0100,0.0125,0.0100,0.0125,0.0175,0.0175,0.0150,0.0100,0.0125,0.0100,0.0150,0.0075,0.0075,0.0125,0.0100,0.0150,0.0100,0.0150,0.0175,0.0075,0.0125,0.0150,0.0100,0.0175,0.0150,0.0075,0.0125,0.0100,0.0275,0.0125,0.0125,0.0075,0.0175,0.0075,0.0100,0.0150,0.0125,0.0175,0.0050,0.0075,0.0125,0.0050,0.0100,0.0075,0.0125,0.0125,0.0150,0.0175,0.0100,0.0150,0.0100,0.0125,0.0100,0.0175,0.0125,0.0225,0.0025,0.0075,0.0075,0.0075,0.0200,0.0150,0.0175,"{""n_estimators"": 1000, ""max_depth"": 15, ""min_samples_split"": 10, ""min_samples_leaf"": 5, ""max_features"": ""log2"", ""random_state"": 42, ""n_jobs"": -1}",0.2436,0.2551,0.2564,0.2709,0.2571,0.2339,0.2422,0.2378,0.2543,0.2466,0.2543,0.2570,0.2563,0.2596,0.2499,0.2487,0.2366,0.2389,0.2488,0.2463,0.2641,0.2435,0.2444,0.2421,0.2505,0.2550,0.2564,0.2715,0.2391,0.2416,0.2455,0.2562,0.2515,0.2489,0.2486,0.2511,0.2616,0.2328,0.2391,0.2544,0.2635,0.2527,0.2379,0.2365,0.2516,0.2389,0.2415,0.2424,0.2502,0.2610,0.2598,0.2327,0.2457,0.2462,0.2575,0.2369,0.2440,0.2433,0.2540,0.2409,0.2586,0.2543,0.2679,0.2493,0.2593,0.2537,0.2501,0.2432,0.2567,0.2514,0.2580,0.2444,0.2360,0.2548,0.2550,0.2501,0.2590,0.2624,0.2586,0.2473,"{""n_estimators"": 500, ""max_depth"": 8, ""learning_rate"": 0.02, ""subsample"": 0.8, ""colsample_bytree"": 0.8, ""gamma"": 0.1, ""scale_pos_weight"": 5, ""random_state"": 42, ""n_jobs"": -1, ""eval_metric"": ""logloss""}",0.2341,0.3724,0.0954,0.5824,0.2822,0.1374,0.2335,0.2827,0.3330,0.2699,0.1041,0.3066,0.3032,0.3616,0.1481,0.1532,0.1370,0.0986,0.0995,0.0869,0.3336,0.2074,0.2055,0.1033,0.1279,0.3746,0.2984,0.3598,0.2067,0.2505,0.0577,0.2564,0.2176,0.0897,0.3721,0.2717,0.3909,0.1083,0.1439,0.1557,0.2285,0.3076,0.1248,0.1337,0.2923,0.1009,0.2214,0.2557,0.2533,0.2764,0.2403,0.1477,0.3459,0.0836,0.3468,0.0714,0.1400,0.1606,0.2598,0.0864,0.2150,0.2789,0.4448,0.1788,0.2480,0.4596,0.2907,0.2196,0.4277,0.1645,0.5579,0.5157,0.1039,0.3209,0.1555,0.3065,0.1895,0.6987,0.5407,0.0510,"{""embedding_dim"": 16, ""hidden_dim"": 32, ""num_layers"": 1, ""dropout"": 0.5, ""lr"": 0.001, ""epochs"": 100}",0.0126,0.0132,0.0113,0.0123,0.0123,0.0133,0.0127,0.0126,0.0131,0.0123,0.0131,0.0134,0.0123,0.0132,0.0127,0.0134,0.0115,0.0118,0.0119,0.0124,0.0132,0.0117,0.0132,0.0117,0.0116,0.0115,0.0132,0.0124,0.0125,0.0138,0.0103,0.0136,0.0124,0.0135,0.0125,0.0129,0.0123,0.0110,0.0120,0.0128,0.0126,0.0123,0.0116,0.0121,0.0118,0.0120,0.0121,0.0132,0.0125,0.0133,0.0122,0.0133,0.0140,0.0118,0.0124,0.0124,0.0133,0.0129,0.0121,0.0121,0.0118,0.0123,0.0136,0.0134,0.0121,0.0125,0.0120,0.0114,0.0133,0.0123,0.0124,0.0129,0.0146,0.0121,0.0118,0.0121,0.0130,0.0141,0.0106,0.0122
2026-03-02 21:36:37,2026049,"{""search_limit"": 3000, ""top_matches"": 20, ""weights"": {""overlap"": 10, ""sum"": 0.1, ""ac"": 0.5, ""consecutive"": 2.0, ""neighbor"": 1.5, ""repeat"": 1.0, ""jump"": 0.5, ""omission"": 1.0}}",0.0100,0.0225,0.0125,0.0100,0.0150,0.0100,0.0150,0.0050,0.0175,0.0150,0.0100,0.0175,0.0100,0.0100,0.0075,0.0075,0.0050,0.0075,0.0150,0.0100,0.0100,0.0200,0.0075,0.0125,0.0150,0.0125,0.0125,0.0150,0.0150,0.0050,0.0150,0.0125,0.0150,0.0100,0.0075,0.0150,0.0125,0.0100,0.0175,0.0100,0.0250,0.0100,0.0125,0.0125,0.0100,0.0200,0.0100,0.0175,0.0075,0.0150,0.0225,0.0100,0.0075,0.0125,0.0150,0.0150,0.0075,0.0225,0.0150,0.0050,0.0125,0.0125,0.0150,0.0100,0.0150,0.0150,0.0175,0.0050,0.0175,0.0150,0.0100,0.0125,0.0075,0.0125,0.0150,0.0050,0.0075,0.0150,0.0200,0.0050,"{""n_estimators"": 1000, ""max_depth"": 15, ""min_samples_split"": 10, ""min_samples_leaf"": 5, ""max_features"": ""log2"", ""random_state"": 42, ""n_jobs"": -1}",0.2406,0.2470,0.2664,0.2638,0.2485,0.2313,0.2313,0.2445,0.2523,0.2648,0.2580,0.2786,0.2527,0.2596,0.2461,0.2446,0.2570,0.2339,0.2549,0.2354,0.2705,0.2364,0.2493,0.2303,0.2602,0.2483,0.2539,0.2648,0.2327,0.2432,0.2340,0.2447,0.2655,0.2446,0.2684,0.2419,0.2489,0.2367,0.2360,0.2427,0.2713,0.2561,0.2581,0.2428,0.2485,0.2419,0.2433,0.2605,0.2627,0.2640,0.2521,0.2423,0.2451,0.2288,0.2455,0.2418,0.2357,0.2437,0.2594,0.2546,0.2483,0.2554,0.2424,0.2432,0.2697,0.2522,0.2503,0.2371,0.2773,0.2403,0.2574,0.2454,0.2428,0.2403,0.2567,0.2642,0.2367,0.2604,0.2491,0.2685,"{""n_estimators"": 500, ""max_depth"": 8, ""learning_rate"": 0.02, ""subsample"": 0.8, ""colsample_bytree"": 0.8, ""gamma"": 0.1, ""scale_pos_weight"": 5, ""random_state"": 42, ""n_jobs"": -1, ""eval_metric"": ""logloss""}",0.2484,0.2484,0.2063,0.2894,0.2328,0.0645,0.1268,0.2370,0.0877,0.1902,0.1268,0.5700,0.1749,0.3083,0.0809,0.2346,0.2946,0.0776,0.1833,0.2871,0.4131,0.0937,0.2531,0.1192,0.3100,0.1922,0.1497,0.0900,0.0456,0.1738,0.0298,0.1090,0.2710,0.1196,0.2959,0.0782,0.2999,0.0803,0.2115,0.1673,0.5846,0.1356,0.4145,0.1017,0.0959,0.0707,0.0973,0.3101,0.4278,0.3876,0.2716,0.0818,0.2989,0.1002,0.1859,0.1259,0.2181,0.1649,0.2421,0.2075,0.3596,0.1331,0.1766,0.0882,0.4932,0.3002,0.2285,0.1187,0.4831,0.1116,0.2958,0.4280,0.2332,0.1215,0.3074,0.3936,0.2669,0.1216,0.4792,0.1044,"{""embedding_dim"": 16, ""hidden_dim"": 32, ""num_layers"": 1, ""dropout"": 0.5, ""lr"": 0.001, ""epochs"": 100}",0.0120,0.0131,0.0123,0.0116,0.0127,0.0117,0.0129,0.0127,0.0130,0.0122,0.0130,0.0144,0.0121,0.0127,0.0127,0.0134,0.0114,0.0122,0.0118,0.0116,0.0122,0.0117,0.0134,0.0128,0.0123,0.0124,0.0132,0.0127,0.0121,0.0131,0.0109,0.0134,0.0124,0.0124,0.0125,0.0135,0.0128,0.0111,0.0133,0.0125,0.0122,0.0110,0.0133,0.0125,0.0116,0.0122,0.0124,0.0133,0.0121,0.0125,0.0121,0.0128,0.0131,0.0130,0.0119,0.0128,0.0131,0.0121,0.0130,0.0117,0.0136,0.0131,0.0126,0.0128,0.0126,0.0127,0.0118,0.0129,0.0126,0.0122,0.0130,0.0131,0.0138,0.0115,0.0116,0.0126,0.0121,0.0123,0.0122,0.0121
2026-03-02 21:36:37,2026050,"{""search_limit"": 3000, ""top_matches"": 20, ""weights"": {""overlap"": 10, ""sum"": 0.1, ""ac"": 0.5, ""consecutive"": 2.0, ""neighbor"": 1.5, ""repeat"": 1.0, ""jump"": 0.5, ""omission"": 1.0}}",0.0100,0.0150,0.0100,0.0125,0.0125,0.0100,0.0100,0.0150,0.0125,0.0175,0.0100,0.0175,0.0125,0.0100,0.0050,0.0075,0.0075,0.0125,0.0100,0.0050,0.0200,0.0125,0.0050,0.0100,0.0150,0.0125,0.0150,0.0125,0.0100,0.0050,0.0100,0.0175,0.0200,0.0150,0.0175,0.0125,0.0150,0.0100,0.0175,0.0150,0.0125,0.0075,0.0175,0.0025,0.0100,0.0100,0.0075,0.0175,0.0100,0.0150,0.0225,0.0100,0.0125,0.0100,0.0100,0.0100,0.0175,0.0150,0.0175,0.0100,0.0125,0.0150,0.0075,0.0175,0.0150,0.0100,0.0250,0.0100,0.0100,0.0100,0.0100,0.0125,0.0075,0.0075,0.0125,0.0125,0.0150,0.0150,0.0200,0.0200,"{""n_estimators"": 1000, ""max_depth"": 15, ""min_samples_split"": 10, ""min_samples_leaf"": 5, ""max_features"": ""log2"", ""random_state"": 42, ""n_jobs"": -1}",0.2494,0.2456,0.2516,0.2567,0.2432,0.2515,0.2589,0.2515,0.2614,0.2482,0.2443,0.2660,0.2515,0.2610,0.2404,0.2573,0.2490,0.2369,0.2517,0.2522,0.2624,0.2422,0.2587,0.2364,0.2513,0.2455,0.2497,0.2549,0.2404,0.2426,0.2281,0.2550,0.2415,0.2407,0.2512,0.2614,0.2507,0.2471,0.2536,0.2391,0.2724,0.2500,0.2490,0.2605,0.2375,0.2348,0.2453,0.2555,0.2666,0.2446,0.2532,0.2450,0.2644,0.2485,0.2475,0.2392,0.2508,0.2438,0.2500,0.2473,0.2592,0.2609,0.2601,0.2514,0.2598,0.2495,0.2582,0.2511,0.2755,0.2424,0.2393,0.2581,0.2430,0.2363,0.2473,0.2444,0.2496,0.2415,0.2485,0.2372,"{""n_estimators"": 500, ""max_depth"": 8, ""learning_rate"": 0.02, ""subsample"": 0.8, ""colsample_bytree"": 0.8, ""gamma"": 0.1, ""scale_pos_weight"": 5, ""random_state"": 42, ""n_jobs"": -1, ""eval_metric"": ""logloss""}",0.4315,0.2136,0.2582,0.2136,0.1558,0.2492,0.2749,0.2890,0.1097,0.1392,0.1501,0.2799,0.2412,0.3014,0.1168,0.2000,0.2241,0.3618,0.3562,0.2776,0.6071,0.2855,0.3816,0.3148,0.1854,0.3484,0.1262,0.1197,0.2809,0.2099,0.0424,0.3631,0.1613,0.1706,0.4406,0.3767,0.3592,0.1434,0.3378,0.4282,0.3066,0.5260,0.3874,0.3623,0.1088,0.2345,0.3492,0.4292,0.6066,0.3240,0.3079,0.1503,0.6214,0.3467,0.3769,0.2271,0.3954,0.4656,0.4635,0.2630,0.4684,0.2790,0.2134,0.1629,0.2396,0.3576,0.3879,0.1688,0.6084,0.2040,0.2665,0.2227,0.5651,0.0898,0.1911,0.0774,0.1901,0.1827,0.2527,0.1190,"{""embedding_dim"": 16, ""hidden_dim"": 32, ""num_layers"": 1, ""dropout"": 0.5, ""lr"": 0.001, ""epochs"": 100}",0.0122,0.0127,0.0127,0.0113,0.0127,0.0118,0.0123,0.0125,0.0142,0.0126,0.0113,0.0131,0.0141,0.0124,0.0132,0.0125,0.0126,0.0126,0.0123,0.0125,0.0129,0.0114,0.0122,0.0135,0.0130,0.0123,0.0128,0.0122,0.0125,0.0125,0.0104,0.0121,0.0123,0.0127,0.0133,0.0133,0.0123,0.0119,0.0130,0.0126,0.0123,0.0119,0.0130,0.0122,0.0118,0.0122,0.0130,0.0121,0.0121,0.0128,0.0114,0.0125,0.0125,0.0133,0.0118,0.0125,0.0120,0.0125,0.0129,0.0128,0.0130,0.0130,0.0140,0.0127,0.0124,0.0119,0.0127,0.0122,0.0132,0.0119,0.0134,0.0123,0.0130,0.0128,0.0128,0.0111,0.0132,0.0116,0.0128,0.0115
2026-03-02 21:36:37,2026051,"{""search_limit"": 3000, ""top_matches"": 20, ""weights"": {""overlap"": 10, ""sum"": 0.1, ""ac"": 0.5, ""consecutive"": 2.0, ""neighbor"": 1.5, ""repeat"": 1.0, ""jump"": 0.5, ""omission"": 1.0}}",0.0075,0.005,0.0125,0.01,0.015,0.0075,0.0075,0.0175,0.015,0.015,0.015,0.015,0.01,0.0175,0.0125,0.015,0.0125,0.0025,0.025,0.015,0.015,0.0175,0.015,0.01,0.0225,0.01,0.01,0.0125,0.015,0.005,0.0175,0.0125,0.02,0.0225,0.0175,0.0125,0.01,0.01,0.015,0.015,0.015,0.0175,0.0075,0.0025,0.005,0.0075,0.0125,0.01,0.0125,0.0225,0.01,0.0075,0.005,0.0025,0.01,0.0125,0.0175,0.0075,0.01,0.0125,0.0125,0.0225,0.01,0.01,0.02,0.01,0.015,0.015,0.0175,0.0125,0.0075,0.0125,0.0125,0.01,0.0125,0.01,0.0175,0.01,0.01,0.0075,"{""n_estimators"": 1000, ""max_depth"": 15, ""min_samples_split"": 10, ""min_samples_leaf"": 5, ""max_features"": ""log2"", ""random_state"": 42, ""n_jobs"": -1}",0.2411005127825359,0.2290166136779798,0.25876205448286715,0.24886129841978147,0.24199293232199853,0.25415924103957,0.25067611529454026,0.2485048070648934,0.25017577353691395,0.24625247677074072,0.23621633520188634,0.2521445110174875,0.24189439388659448,0.2548856659612432,0.24213910765231292,0.26731856054960745,0.24436369313892567,0.24476437374082424,0.2749055582604329,0.2623265062998668,0.25898494804271444,0.2522093500879207,0.2507100708593271,0.24528070286269424,0.254357214680928,0.24854727094343523,0.2537567172762429,0.24131393673825244,0.24357657607333344,0.230270957924949,0.22849749101975894,0.22999602920740359,0.24069900241857514,0.2460186349800572,0.2598320407644477,0.2577788663981769,0.2483966695542337,0.24200827205279374,0.2569708771332919,0.2555496565311342,0.2590339914293143,0.2502951957795107,0.25918921704821757,0.24605306386099232,0.23317182328114816,0.24824906112875816,0.26385918946838194,0.2271362232992015,0.27090348261242087,0.2572719439416503,0.2560543280694808,0.24392175947330627,0.2649898604508492,0.24856105811350365,0.25550744797317276,0.2589699600374349,0.25058941276126906,0.24956902252173893,0.2539607459655518,0.24351804404876648,0.24823260526790622,0.2714948822750526,0.24221199534656182,0.2542428569359468,0.26475611163536955,0.26384606950035844,0.26009400480163014,0.23375982344894927,0.2519545587192067,0.2521292061325368,0.2406137486803372,0.2717429413047689,0.22751684532878927,0.2516821134334253,0.25563132655996557,0.2321725651563146,0.23755965922739494,0.247830980267641,0.25976371898132716,0.2567433390811721,"{""n_estimators"": 500, ""max_depth"": 8, ""learning_rate"": 0.02, ""subsample"": 0.8, ""colsample_bytree"": 0.8, ""gamma"": 0.1, ""scale_pos_weight"": 5, ""random_state"": 42, ""n_jobs"": -1, ""eval_metric"": ""logloss""}",0.5349722504615784,0.17082390189170837,0.3422872722148895,0.26796647906303406,0.13204747438430786,0.3403586149215698,0.18142354488372803,0.1682155430316925,0.1503390222787857,0.30910563468933105,0.13310784101486206,0.28233861923217773,0.24725107848644257,0.14185456931591034,0.1740211397409439,0.3320119380950928,0.19738946855068207,0.28195416927337646,0.4303726255893707,0.5467249751091003,0.31230953335762024,0.11367172747850418,0.333626925945282,0.1154547929763794,0.3906891942024231,0.1490444391965866,0.2481241226196289,0.2032296508550644,0.0629931092262268,0.0936947837471962,0.10541502386331558,0.16941697895526886,0.16456030309200287,0.21651838719844818,0.24004465341567993,0.1831556260585785,0.3507172465324402,0.14934833347797394,0.13543811440467834,0.5591002702713013,0.12598133087158203,0.14776727557182312,0.2878389060497284,0.27929651737213135,0.03629208356142044,0.3909091353416443,0.3822921812534332,0.08045817166566849,0.42288869619369507,0.4153449535369873,0.3608764708042145,0.08103369921445847,0.6394158601760864,0.315260648727417,0.17482894659042358,0.23718604445457458,0.18794220685958862,0.15158776938915253,0.3195308744907379,0.0915849357843399,0.15637564659118652,0.2924538552761078,0.19244232773780823,0.10101959109306335,0.19363529980182648,0.1874144971370697,0.17891137301921844,0.05232056975364685,0.4156798720359802,0.1704976111650467,0.13204120099544525,0.24453970789909363,0.12167738378047943,0.07323011755943298,0.15900124609470367,0.026707535609602928,0.061292778700590134,0.20617300271987915,0.26059848070144653,0.22069336473941803,"{""embedding_dim"": 16, ""hidden_dim"": 32, ""num_layers"": 1, ""dropout"": 0.5, ""lr"": 0.001, ""epochs"": 100}",0.012636966408299763,0.013732187893049938,0.013318176649708942,0.012241417426109912,0.012827613882270456,0.012722339851767558,0.012866812008248693,0.013459331105274147,0.012942555410446536,0.012243256535508413,0.013203154590265923,0.013554812159153051,0.013164089434519145,0.01233184186555302,0.012139342172442696,0.013357543329501705,0.012261308649044211,0.013193506757204437,0.012367059312278187,0.011512654407982463,0.012601643147235476,0.01188295215593607,0.01195982393228116,0.012465304648715328,0.01216919024376511,0.011441165116781256,0.014632841154821514,0.0128886050800569,0.012146661153633472,0.011765970190194139,0.01140226289638852,0.012595902017030685,0.01201650858010645,0.011921787891213075,0.012399591134891898,0.011708744297342203,0.012291896484330381,0.010900686073580804,0.011348913741270696,0.01352121376545742,0.013272203596796817,0.012472607710934733,0.012486244650940014,0.0123774871749369,0.011727150373888506,0.01242404080209906,0.012569139416924186,0.011441561218245393,0.012041759814342693,0.012853335194367214,0.01315781267774819,0.013862145693280174,0.013923267052067836,0.012501879890057516,0.010691338490298468,0.012114226717668155,0.014314610616585248,0.011981472796936938,0.013442920518609822,0.012303743008261358,0.011612459803614056,0.013442687352499727,0.012880651212831407,0.012559567433079238,0.01317214068839303,0.01268871992064007,0.01021320937591156,0.010983857080538784,0.014107776357959519,0.01177727640550855,0.013328416293941431,0.01388372526358998,0.012159557393264917,0.0123492590930541,0.012005679933933198,0.010680773911767973,0.013113703080896665,0.011800011505857943,0.01298758268917715,0.012156364234889718
