Run_Time,Target_Period,Params_A,Prob_A_01,Prob_A_02,Prob_A_03,Prob_A_04,Prob_A_05,Prob_A_06,Prob_A_07,Prob_A_08,Prob_A_09,Prob_A_10,Prob_A_11,Prob_A_12,Prob_A_13,Prob_A_14,Prob_A_15,Prob_A_16,Prob_A_17,Prob_A_18,Prob_A_19,Prob_A_20,Prob_A_21,Prob_A_22,Prob_A_23,Prob_A_24,Prob_A_25,Prob_A_26,Prob_A_27,Prob_A_28,Prob_A_29,Prob_A_30,Params_B,Prob_B_01,Prob_B_02,Prob_B_03,Prob_B_04,Prob_B_05,Prob_B_06,Prob_B_07,Prob_B_08,Prob_B_09,Prob_B_10,Prob_B_11,Prob_B_12,Prob_B_13,Prob_B_14,Prob_B_15,Prob_B_16,Prob_B_17,Prob_B_18,Prob_B_19,Prob_B_20,Prob_B_21,Prob_B_22,Prob_B_23,Prob_B_24,Prob_B_25,Prob_B_26,Prob_B_27,Prob_B_28,Prob_B_29,Prob_B_30,Params_C,Prob_C_01,Prob_C_02,Prob_C_03,Prob_C_04,Prob_C_05,Prob_C_06,Prob_C_07,Prob_C_08,Prob_C_09,Prob_C_10,Prob_C_11,Prob_C_12,Prob_C_13,Prob_C_14,Prob_C_15,Prob_C_16,Prob_C_17,Prob_C_18,Prob_C_19,Prob_C_20,Prob_C_21,Prob_C_22,Prob_C_23,Prob_C_24,Prob_C_25,Prob_C_26,Prob_C_27,Prob_C_28,Prob_C_29,Prob_C_30,Params_D,Prob_D_01,Prob_D_02,Prob_D_03,Prob_D_04,Prob_D_05,Prob_D_06,Prob_D_07,Prob_D_08,Prob_D_09,Prob_D_10,Prob_D_11,Prob_D_12,Prob_D_13,Prob_D_14,Prob_D_15,Prob_D_16,Prob_D_17,Prob_D_18,Prob_D_19,Prob_D_20,Prob_D_21,Prob_D_22,Prob_D_23,Prob_D_24,Prob_D_25,Prob_D_26,Prob_D_27,Prob_D_28,Prob_D_29,Prob_D_30
2026-03-07 12:18:02,2026015,"{""search_limit"": 3000, ""top_matches"": 20, ""weights"": {""overlap"": 10, ""sum"": 0.1, ""ac"": 0.5, ""consecutive"": 2.0, ""neighbor"": 1.5, ""repeat"": 1.0, ""jump"": 0.5, ""omission"": 1.0}}",0.03571428571428571,0.04285714285714286,0.014285714285714285,0.014285714285714285,0.007142857142857143,0.02142857142857143,0.03571428571428571,0.02142857142857143,0.014285714285714285,0.05714285714285714,0.04285714285714286,0.04285714285714286,0.05,0.03571428571428571,0.02857142857142857,0.05,0.02857142857142857,0.02142857142857143,0.014285714285714285,0.03571428571428571,0.05,0.05,0.04285714285714286,0.014285714285714285,0.03571428571428571,0.05,0.02857142857142857,0.03571428571428571,0.03571428571428571,0.04285714285714286,"{""n_estimators"": 1000, ""max_depth"": 15, ""min_samples_split"": 10, ""min_samples_leaf"": 10, ""max_features"": ""log2"", ""random_state"": 42, ""n_jobs"": -1}",0.24592540190796422,0.24830845556459935,0.22485413311544294,0.2521828270133151,0.22835790545209128,0.23304572753886837,0.24407271469477304,0.21893530418553628,0.24035425291498472,0.2668966930208246,0.23230807044209947,0.2417464276866902,0.23912202388161438,0.23079631289876903,0.21616021764095092,0.20932680976334617,0.22210657528449296,0.23899839854103175,0.22706165820014654,0.23274806311951896,0.23437867884330138,0.20939608161889034,0.2257827567296061,0.23124974283200156,0.2305319598876769,0.22903246272669187,0.22896729190305232,0.239230688206163,0.24735662818449455,0.23076573620106072,"{""n_estimators"": 500, ""max_depth"": 4, ""learning_rate"": 0.02, ""subsample"": 0.8, ""colsample_bytree"": 0.8, ""gamma"": 0.1, ""scale_pos_weight"": 5, ""random_state"": 42, ""n_jobs"": -1, ""eval_metric"": ""logloss""}",0.5611141920089722,0.669840395450592,0.22316394746303558,0.6197642087936401,0.5527684688568115,0.38896429538726807,0.6235681772232056,0.4502975642681122,0.5167489051818848,0.6775796413421631,0.5407932996749878,0.3517089784145355,0.4621877670288086,0.4127008318901062,0.4721963703632355,0.24195575714111328,0.44494110345840454,0.7956587076187134,0.5082576870918274,0.5427910089492798,0.48937124013900757,0.3915761411190033,0.3152294456958771,0.6254687309265137,0.5247685313224792,0.38916730880737305,0.3342541754245758,0.6466094851493835,0.5803447365760803,0.38679200410842896,"{""embedding_dim"": 16, ""hidden_dim"": 32, ""num_layers"": 1, ""dropout"": 0.5, ""lr"": 0.001, ""epochs"": 50}",0.03418939188122749,0.03642110154032707,0.029427316039800644,0.03637993708252907,0.03782196715474129,0.03195428103208542,0.03364832326769829,0.03211362287402153,0.03376191854476929,0.03513132780790329,0.03229633346199989,0.03400034084916115,0.03386567533016205,0.03247443959116936,0.03433404490351677,0.03198248893022537,0.028687844052910805,0.03174750506877899,0.034175995737314224,0.03580014780163765,0.032863881438970566,0.03110688365995884,0.03295077010989189,0.03714318573474884,0.03594192489981651,0.0330243818461895,0.032623033970594406,0.032020702958106995,0.03303394466638565,0.02907724305987358
2026-03-07 12:18:02,2026016,"{""search_limit"": 3000, ""top_matches"": 20, ""weights"": {""overlap"": 10, ""sum"": 0.1, ""ac"": 0.5, ""consecutive"": 2.0, ""neighbor"": 1.5, ""repeat"": 1.0, ""jump"": 0.5, ""omission"": 1.0}}",0.014285714285714285,0.05,0.007142857142857143,0.03571428571428571,0.014285714285714285,0.03571428571428571,0.02142857142857143,0.007142857142857143,0.007142857142857143,0.02857142857142857,0.03571428571428571,0.05,0.05,0.02857142857142857,0.03571428571428571,0.02857142857142857,0.02142857142857143,0.04285714285714286,0.02857142857142857,0.04285714285714286,0.06428571428571428,0.02857142857142857,0.04285714285714286,0.04285714285714286,0.02142857142857143,0.03571428571428571,0.07142857142857142,0.007142857142857143,0.04285714285714286,0.05714285714285714,"{""n_estimators"": 1000, ""max_depth"": 15, ""min_samples_split"": 10, ""min_samples_leaf"": 10, ""max_features"": ""log2"", ""random_state"": 42, ""n_jobs"": -1}",0.24353604030473722,0.23140083197548864,0.23705547051108863,0.22917574327690812,0.2304924964901327,0.24101200989928656,0.24803845448863884,0.22065332382934774,0.22608043148115967,0.2407435496269836,0.24327685033573823,0.2301918994011056,0.2327668377870652,0.22990795457771587,0.22226632040383978,0.20910433245491405,0.2179933974436296,0.25033605647442525,0.24451565619270968,0.22017471354034557,0.23289250243893836,0.2327096781220601,0.23746065695429203,0.24080364497893145,0.23489810614441892,0.23898719052410353,0.23841517771488796,0.2356918324724981,0.24440217923978358,0.215016660914825,"{""n_estimators"": 500, ""max_depth"": 4, ""learning_rate"": 0.02, ""subsample"": 0.8, ""colsample_bytree"": 0.8, ""gamma"": 0.1, ""scale_pos_weight"": 5, ""random_state"": 42, ""n_jobs"": -1, ""eval_metric"": ""logloss""}",0.48922374844551086,0.47052910923957825,0.41812747716903687,0.4434873163700104,0.49061110615730286,0.29733261466026306,0.4300490915775299,0.3027566969394684,0.48822444677352905,0.5739685893058777,0.6870526671409607,0.2670119106769562,0.34672296047210693,0.42048025131225586,0.4831046462059021,0.41107434034347534,0.41782519221305847,0.7231523990631104,0.5737273097038269,0.3428516089916229,0.5004611015319824,0.599340558052063,0.483737051486969,0.6362349987030029,0.5359635353088379,0.516868531703949,0.6318184733390808,0.44360068440437317,0.5479422807693481,0.35113298892974854,"{""embedding_dim"": 16, ""hidden_dim"": 32, ""num_layers"": 1, ""dropout"": 0.5, ""lr"": 0.001, ""epochs"": 50}",0.03406088799238205,0.034590013325214386,0.032939761877059937,0.03401806578040123,0.033545076847076416,0.03316168114542961,0.03432498499751091,0.033639874309301376,0.03363985940814018,0.03285619243979454,0.03352786973118782,0.032435208559036255,0.03453415632247925,0.031970277428627014,0.03202288970351219,0.029437830671668053,0.031095515936613083,0.03671855479478836,0.03437212109565735,0.033232711255550385,0.03449765965342522,0.03135872632265091,0.033786263316869736,0.0345364511013031,0.034002043306827545,0.03208548575639725,0.032863035798072815,0.03521905466914177,0.03447168320417404,0.031056052073836327
2026-03-07 12:18:02,2026017,"{""search_limit"": 3000, ""top_matches"": 20, ""weights"": {""overlap"": 10, ""sum"": 0.1, ""ac"": 0.5, ""consecutive"": 2.0, ""neighbor"": 1.5, ""repeat"": 1.0, ""jump"": 0.5, ""omission"": 1.0}}",0.04285714285714286,0.05714285714285714,0.05,0.014285714285714285,0.02142857142857143,0.02142857142857143,0.014285714285714285,0.04285714285714286,0.014285714285714285,0.02142857142857143,0.02857142857142857,0.02857142857142857,0.04285714285714286,0.02857142857142857,0.05,0.007142857142857143,0.05,0.02857142857142857,0.04285714285714286,0.02142857142857143,0.05714285714285714,0.04285714285714286,0.03571428571428571,0.02857142857142857,0.05,0.02857142857142857,0.02857142857142857,0.02857142857142857,0.05,0.02142857142857143,"{""n_estimators"": 1000, ""max_depth"": 15, ""min_samples_split"": 10, ""min_samples_leaf"": 10, ""max_features"": ""log2"", ""random_state"": 42, ""n_jobs"": -1}",0.23379948852373456,0.22688140862874837,0.24232510506044064,0.20531206846115982,0.22572906307037127,0.255662938957288,0.23287321792751745,0.2311134719472014,0.22027547460326985,0.22264862870125995,0.24475485758577945,0.22226263041439248,0.23938008517663434,0.24030032269590393,0.23621330459676626,0.25069888387821637,0.22400448551710458,0.24773405365249962,0.23073746648732574,0.23587103148526561,0.24680311167428537,0.23892798315481176,0.23433397640959758,0.23528691370086618,0.22500098510161093,0.23353785692828186,0.2538459266978286,0.22306618298752198,0.21840309811299377,0.22221597786132416,"{""n_estimators"": 500, ""max_depth"": 4, ""learning_rate"": 0.02, ""subsample"": 0.8, ""colsample_bytree"": 0.8, ""gamma"": 0.1, ""scale_pos_weight"": 5, ""random_state"": 42, ""n_jobs"": -1, ""eval_metric"": ""logloss""}",0.5324385166168213,0.5535089373588562,0.5109807848930359,0.4786403179168701,0.3686463236808777,0.6169818043708801,0.5041317343711853,0.500011682510376,0.48489031195640564,0.42618682980537415,0.5844174027442932,0.439802348613739,0.6142050623893738,0.5534089803695679,0.6466342806816101,0.5652624368667603,0.5261983275413513,0.6297125816345215,0.6107300519943237,0.5084497332572937,0.629979133605957,0.6308782696723938,0.5403547883033752,0.6328312754631042,0.5287601351737976,0.6139412522315979,0.7557661533355713,0.44134604930877686,0.39197102189064026,0.31385645270347595,"{""embedding_dim"": 16, ""hidden_dim"": 32, ""num_layers"": 1, ""dropout"": 0.5, ""lr"": 0.001, ""epochs"": 50}",0.03493286296725273,0.03522667661309242,0.03067042864859104,0.03189048543572426,0.034499138593673706,0.03286599740386009,0.034358713775873184,0.03295588493347168,0.03226623684167862,0.03169963136315346,0.0325632318854332,0.03524627909064293,0.034113384783267975,0.03421686962246895,0.02858833223581314,0.033336326479911804,0.033948712050914764,0.035348884761333466,0.031896837055683136,0.03247101232409477,0.03765895217657089,0.03379209339618683,0.03460226207971573,0.032714322209358215,0.034509189426898956,0.03150344640016556,0.03341997414827347,0.03487059473991394,0.03301793336868286,0.03081529773771763
2026-03-07 12:18:02,2026018,"{""search_limit"": 3000, ""top_matches"": 20, ""weights"": {""overlap"": 10, ""sum"": 0.1, ""ac"": 0.5, ""consecutive"": 2.0, ""neighbor"": 1.5, ""repeat"": 1.0, ""jump"": 0.5, ""omission"": 1.0}}",0.014285714285714285,0.04285714285714286,0.02857142857142857,0.007142857142857143,0.04285714285714286,0.06428571428571428,0.014285714285714285,0.04285714285714286,0.007142857142857143,0.014285714285714285,0.02857142857142857,0.04285714285714286,0.02857142857142857,0.03571428571428571,0.04285714285714286,0.03571428571428571,0.02142857142857143,0.04285714285714286,0.03571428571428571,0.02857142857142857,0.04285714285714286,0.02857142857142857,0.04285714285714286,0.05,0.04285714285714286,0.03571428571428571,0.03571428571428571,0.03571428571428571,0.03571428571428571,0.02857142857142857,"{""n_estimators"": 1000, ""max_depth"": 15, ""min_samples_split"": 10, ""min_samples_leaf"": 10, ""max_features"": ""log2"", ""random_state"": 42, ""n_jobs"": -1}",0.24200756941832424,0.23075393026814864,0.2229171542392509,0.22813985526933075,0.2272578191243775,0.23594600683173506,0.24539710397893727,0.21702137395162654,0.2280315756498415,0.21967080178738949,0.24818280614094074,0.21963857175250256,0.234330430663781,0.238028494376556,0.22495605513115938,0.2525787133688466,0.23588962610758865,0.22789876775002302,0.24324788252379748,0.23346612697126146,0.25074096789020245,0.22054965193274398,0.23426910764773323,0.22751160706579895,0.2225665811702102,0.2566414385868039,0.24690358668432885,0.2216626024130284,0.23266892758113644,0.2311248637225968,"{""n_estimators"": 500, ""max_depth"": 4, ""learning_rate"": 0.02, ""subsample"": 0.8, ""colsample_bytree"": 0.8, ""gamma"": 0.1, ""scale_pos_weight"": 5, ""random_state"": 42, ""n_jobs"": -1, ""eval_metric"": ""logloss""}",0.6281386613845825,0.685685932636261,0.4037916362285614,0.4121374487876892,0.44976314902305603,0.49833449721336365,0.6055157780647278,0.48060867190361023,0.45400935411453247,0.37000325322151184,0.703646719455719,0.4243536591529846,0.6497606635093689,0.5501468181610107,0.5513935685157776,0.6911342144012451,0.6303178668022156,0.5356321334838867,0.5443187355995178,0.4888867437839508,0.6800792813301086,0.5503319501876831,0.5868476629257202,0.49099189043045044,0.510809063911438,0.7651512026786804,0.689895510673523,0.5277554988861084,0.6299047470092773,0.40794748067855835,"{""embedding_dim"": 16, ""hidden_dim"": 32, ""num_layers"": 1, ""dropout"": 0.5, ""lr"": 0.001, ""epochs"": 50}",0.03481053188443184,0.03504326194524765,0.03181230649352074,0.03358905017375946,0.03157559409737587,0.03522443398833275,0.03521715849637985,0.03368506208062172,0.03213674575090408,0.0340922549366951,0.03361327201128006,0.03215459734201431,0.035711340606212616,0.03259337693452835,0.03230203315615654,0.03012537583708763,0.03202926367521286,0.03648693114519119,0.03255979344248772,0.03096049651503563,0.03641777113080025,0.03227344527840614,0.0326375775039196,0.033596497029066086,0.034185316413640976,0.03386210277676582,0.03488452732563019,0.03144626319408417,0.031626347452402115,0.03334725648164749
2026-03-07 12:18:02,2026019,"{""search_limit"": 3000, ""top_matches"": 20, ""weights"": {""overlap"": 10, ""sum"": 0.1, ""ac"": 0.5, ""consecutive"": 2.0, ""neighbor"": 1.5, ""repeat"": 1.0, ""jump"": 0.5, ""omission"": 1.0}}",0.04285714285714286,0.02857142857142857,0.014285714285714285,0.014285714285714285,0.02857142857142857,0.02857142857142857,0.05714285714285714,0.03571428571428571,0.02857142857142857,0.007142857142857143,0.06428571428571428,0.05714285714285714,0.02142857142857143,0.02142857142857143,0.02857142857142857,0.02142857142857143,0.02857142857142857,0.02142857142857143,0.02857142857142857,0.02857142857142857,0.04285714285714286,0.05,0.03571428571428571,0.02142857142857143,0.04285714285714286,0.05,0.05,0.03571428571428571,0.03571428571428571,0.02857142857142857,"{""n_estimators"": 1000, ""max_depth"": 15, ""min_samples_split"": 10, ""min_samples_leaf"": 10, ""max_features"": ""log2"", ""random_state"": 42, ""n_jobs"": -1}",0.24302788160673552,0.24890274705974264,0.21410003950756934,0.22796255667155044,0.19927616581785337,0.2268899727476154,0.22259343913873234,0.21095895142887783,0.23438351218698253,0.23712713189611398,0.22971060535811694,0.2360361492927549,0.22526303802487507,0.26542270907564847,0.20834750433418706,0.25959115235594843,0.2520877865489284,0.24590322988215127,0.23605788500000865,0.239094804668755,0.2353928331154446,0.2206978701961911,0.2409747335829459,0.21857191530145526,0.23396392065405008,0.2265713052807313,0.24367911569312536,0.22778568654067874,0.24944034666264117,0.24018501036959067,"{""n_estimators"": 500, ""max_depth"": 4, ""learning_rate"": 0.02, ""subsample"": 0.8, ""colsample_bytree"": 0.8, ""gamma"": 0.1, ""scale_pos_weight"": 5, ""random_state"": 42, ""n_jobs"": -1, ""eval_metric"": ""logloss""}",0.5954240560531616,0.7026869654655457,0.4128030836582184,0.3316652476787567,0.20672109723091125,0.5358412265777588,0.4300448000431061,0.32140442728996277,0.37418973445892334,0.5656983256340027,0.4359409809112549,0.37342414259910583,0.4598972201347351,0.662207841873169,0.3273851275444031,0.6237931847572327,0.5301114320755005,0.5241947174072266,0.4033557176589966,0.47456273436546326,0.5217595100402832,0.41254696249961853,0.6002991795539856,0.36620569229125977,0.4406179189682007,0.4016322195529938,0.49924060702323914,0.3866305351257324,0.3974347710609436,0.41624343395233154,"{""embedding_dim"": 16, ""hidden_dim"": 32, ""num_layers"": 1, ""dropout"": 0.5, ""lr"": 0.001, ""epochs"": 50}",0.034729909151792526,0.033457256853580475,0.030481135472655296,0.033007457852363586,0.03270168974995613,0.03306182473897934,0.034297600388526917,0.03309069946408272,0.03549845144152641,0.03227490186691284,0.036161717027425766,0.033763401210308075,0.03208155930042267,0.03371879830956459,0.03147974610328674,0.03239915519952774,0.0294676274061203,0.03510761633515358,0.033215031027793884,0.03334853798151016,0.03318241611123085,0.03108425810933113,0.03474230319261551,0.03523340821266174,0.034969914704561234,0.036263417452573776,0.03555639460682869,0.032536860555410385,0.03116903081536293,0.031917840242385864
2026-03-07 12:18:02,2026020,"{""search_limit"": 3000, ""top_matches"": 20, ""weights"": {""overlap"": 10, ""sum"": 0.1, ""ac"": 0.5, ""consecutive"": 2.0, ""neighbor"": 1.5, ""repeat"": 1.0, ""jump"": 0.5, ""omission"": 1.0}}",0.04285714285714286,0.014285714285714285,0.04285714285714286,0.03571428571428571,0.02857142857142857,0.03571428571428571,0.04285714285714286,0.05,0.02142857142857143,0.02857142857142857,0.05,0.03571428571428571,0.03571428571428571,0.03571428571428571,0.02857142857142857,0.014285714285714285,0.02142857142857143,0.014285714285714285,0.03571428571428571,0.03571428571428571,0.02857142857142857,0.02857142857142857,0.014285714285714285,0.07142857142857142,0.02142857142857143,0.06428571428571428,0.02142857142857143,0.03571428571428571,0.02857142857142857,0.03571428571428571,"{""n_estimators"": 1000, ""max_depth"": 15, ""min_samples_split"": 10, ""min_samples_leaf"": 10, ""max_features"": ""log2"", ""random_state"": 42, ""n_jobs"": -1}",0.23333419240826933,0.25227374753932946,0.22031930544202522,0.2252056396427839,0.2198226476779491,0.23323471112857727,0.2447293676841465,0.21391521645435563,0.22122945024756796,0.25147837524241745,0.2591674959963909,0.24170642896181965,0.22689029281441153,0.23665621411670326,0.22137669541227134,0.23468975183813076,0.24477936957381577,0.22484101902640702,0.2173377698424946,0.21602488459143143,0.2294496483008771,0.23166363680551683,0.21546399663685004,0.25240254391495287,0.24467234398963644,0.24137673116411576,0.237646527996924,0.23597904591182267,0.23670586716840578,0.23562708246959752,"{""n_estimators"": 500, ""max_depth"": 4, ""learning_rate"": 0.02, ""subsample"": 0.8, ""colsample_bytree"": 0.8, ""gamma"": 0.1, ""scale_pos_weight"": 5, ""random_state"": 42, ""n_jobs"": -1, ""eval_metric"": ""logloss""}",0.5394060611724854,0.6738170981407166,0.38700562715530396,0.3456304967403412,0.5122436285018921,0.5713484287261963,0.6646357178688049,0.24665267765522003,0.4371769428253174,0.5388087034225464,0.7795905470848083,0.6515552997589111,0.4182427227497101,0.4679147005081177,0.34573930501937866,0.39718079566955566,0.6529257893562317,0.4572441279888153,0.44467782974243164,0.3418462574481964,0.5228394865989685,0.5497870445251465,0.4091055691242218,0.6841176748275757,0.6002342104911804,0.6680402755737305,0.5345417857170105,0.6384674310684204,0.6217313408851624,0.48179277777671814,"{""embedding_dim"": 16, ""hidden_dim"": 32, ""num_layers"": 1, ""dropout"": 0.5, ""lr"": 0.001, ""epochs"": 50}",0.03482915461063385,0.0345793142914772,0.030063189566135406,0.03201820328831673,0.031912676990032196,0.03289530426263809,0.0373208187520504,0.03203525394201279,0.036077603697776794,0.03306831419467926,0.0313546247780323,0.03592641279101372,0.03264383226633072,0.03074014000594616,0.033782582730054855,0.030394231900572777,0.03222348541021347,0.03397262096405029,0.032162249088287354,0.03324756398797035,0.037932757288217545,0.03162290155887604,0.034998927265405655,0.033500250428915024,0.03480932116508484,0.03177885338664055,0.03480851650238037,0.033856891095638275,0.03245870769023895,0.03298533707857132
2026-03-07 12:18:02,2026021,"{""search_limit"": 3000, ""top_matches"": 20, ""weights"": {""overlap"": 10, ""sum"": 0.1, ""ac"": 0.5, ""consecutive"": 2.0, ""neighbor"": 1.5, ""repeat"": 1.0, ""jump"": 0.5, ""omission"": 1.0}}",0.04285714285714286,0.007142857142857143,0.02857142857142857,0.05,0.05,0.007142857142857143,0.02142857142857143,0.02857142857142857,0.02142857142857143,0.05,0.02142857142857143,0.03571428571428571,0.02142857142857143,0.03571428571428571,0.04285714285714286,0.02857142857142857,0.03571428571428571,0.03571428571428571,0.03571428571428571,0.02857142857142857,0.03571428571428571,0.014285714285714285,0.02857142857142857,0.07142857142857142,0.02857142857142857,0.05,0.03571428571428571,0.03571428571428571,0.06428571428571428,0.007142857142857143,"{""n_estimators"": 1000, ""max_depth"": 15, ""min_samples_split"": 10, ""min_samples_leaf"": 10, ""max_features"": ""log2"", ""random_state"": 42, ""n_jobs"": -1}",0.22090205450823394,0.24672826127115483,0.22383451527142545,0.23496975340900436,0.21842899147231334,0.2289773228172629,0.22247478652568847,0.21815980596746587,0.23768162025964565,0.23087673834096012,0.24392215577744836,0.22925412056652533,0.22261029620628472,0.25150229589656714,0.23667422217873754,0.22822187872584954,0.2404642166579438,0.22867896503078072,0.22110980901223598,0.22328372192662,0.23908864844274574,0.2403652753492427,0.21484018211171782,0.2660286112912909,0.22952064639315345,0.24441620500983377,0.24188997186240707,0.23957768042656047,0.25058235944901497,0.22493488784188356,"{""n_estimators"": 500, ""max_depth"": 4, ""learning_rate"": 0.02, ""subsample"": 0.8, ""colsample_bytree"": 0.8, ""gamma"": 0.1, ""scale_pos_weight"": 5, ""random_state"": 42, ""n_jobs"": -1, ""eval_metric"": ""logloss""}",0.5393369793891907,0.704410195350647,0.4026540219783783,0.5190715789794922,0.39195263385772705,0.6688532829284668,0.5891011953353882,0.45104438066482544,0.5076971054077148,0.433508962392807,0.6694579124450684,0.4869532883167267,0.4454698860645294,0.6743665337562561,0.4429168701171875,0.42194265127182007,0.6105327606201172,0.441466361284256,0.4344787001609802,0.4613841474056244,0.5017809271812439,0.6261926889419556,0.22848471999168396,0.6267680525779724,0.5126523375511169,0.6431839466094971,0.5616947412490845,0.5535796880722046,0.5366047024726868,0.38135021924972534,"{""embedding_dim"": 16, ""hidden_dim"": 32, ""num_layers"": 1, ""dropout"": 0.5, ""lr"": 0.001, ""epochs"": 50}",0.03540796786546707,0.03456684201955795,0.03181910887360573,0.03186798468232155,0.034449253231287,0.03416711091995239,0.03501167893409729,0.03291597589850426,0.033748332411050797,0.03312629833817482,0.03174974396824837,0.03283220902085304,0.03560316935181618,0.03209919109940529,0.03205505758523941,0.032900914549827576,0.030036307871341705,0.03471318259835243,0.034438446164131165,0.033372391015291214,0.03433297201991081,0.03361966460943222,0.03557191416621208,0.03370574116706848,0.03411846607923508,0.032960668206214905,0.03312791511416435,0.03307877480983734,0.03310249373316765,0.029500259086489677
2026-03-07 12:18:02,2026022,"{""search_limit"": 3000, ""top_matches"": 20, ""weights"": {""overlap"": 10, ""sum"": 0.1, ""ac"": 0.5, ""consecutive"": 2.0, ""neighbor"": 1.5, ""repeat"": 1.0, ""jump"": 0.5, ""omission"": 1.0}}",0.04285714285714286,0.04285714285714286,0.02142857142857143,0.02142857142857143,0.05,0.02857142857142857,0.02142857142857143,0.04285714285714286,0.04285714285714286,0.03571428571428571,0.03571428571428571,0.02142857142857143,0.04285714285714286,0.03571428571428571,0.03571428571428571,0.05,0.04285714285714286,0.02857142857142857,0.05,0.014285714285714285,0.02142857142857143,0.014285714285714285,0.05714285714285714,0.02857142857142857,0.03571428571428571,0.007142857142857143,0.02142857142857143,0.03571428571428571,0.04285714285714286,0.02857142857142857,"{""n_estimators"": 1000, ""max_depth"": 15, ""min_samples_split"": 10, ""min_samples_leaf"": 10, ""max_features"": ""log2"", ""random_state"": 42, ""n_jobs"": -1}",0.23476501694211163,0.2227432759155004,0.22086024957802394,0.2078940226881279,0.22241010302928013,0.24594103970933184,0.2227623508015492,0.23066330586128497,0.2466274682770224,0.2221533725139059,0.24624424710171133,0.21488104633087485,0.25050218334545793,0.23770631967769223,0.2587413461609466,0.24127586088842606,0.24835167494093252,0.2213151486642195,0.2246587503001427,0.22760200921205703,0.23596403855888828,0.24467077080931243,0.24101602258220622,0.23671638232455203,0.23103780951068476,0.2287997751595466,0.23220182722300758,0.22632298627981895,0.24007940157284563,0.23509219404053744,"{""n_estimators"": 500, ""max_depth"": 4, ""learning_rate"": 0.02, ""subsample"": 0.8, ""colsample_bytree"": 0.8, ""gamma"": 0.1, ""scale_pos_weight"": 5, ""random_state"": 42, ""n_jobs"": -1, ""eval_metric"": ""logloss""}",0.4714384078979492,0.414278507232666,0.30478256940841675,0.40018951892852783,0.34923508763313293,0.6719646453857422,0.47359776496887207,0.5584169030189514,0.6435868740081787,0.3354865610599518,0.6069691181182861,0.27659520506858826,0.5086247324943542,0.5747904777526855,0.5538120865821838,0.49238133430480957,0.49038878083229065,0.4599883556365967,0.39368313550949097,0.526796281337738,0.46001988649368286,0.385518878698349,0.3691100776195526,0.6295495629310608,0.5167802572250366,0.542903482913971,0.524679958820343,0.4055202305316925,0.6127254366874695,0.5179219245910645,"{""embedding_dim"": 16, ""hidden_dim"": 32, ""num_layers"": 1, ""dropout"": 0.5, ""lr"": 0.001, ""epochs"": 50}",0.034617580473423004,0.03569873794913292,0.03061041049659252,0.0323922298848629,0.031537193804979324,0.03556961566209793,0.030848296359181404,0.029938388615846634,0.03449085354804993,0.029602954164147377,0.030875639989972115,0.035796936601400375,0.037337176501750946,0.0305368322879076,0.03454529121518135,0.03369169682264328,0.03529480844736099,0.03424502909183502,0.03046288900077343,0.031842149794101715,0.03350317105650902,0.03518497571349144,0.032874833792448044,0.03252379223704338,0.037275876849889755,0.032560817897319794,0.03273441269993782,0.030696559697389603,0.035745758563280106,0.036965079605579376
2026-03-07 12:18:02,2026023,"{""search_limit"": 3000, ""top_matches"": 20, ""weights"": {""overlap"": 10, ""sum"": 0.1, ""ac"": 0.5, ""consecutive"": 2.0, ""neighbor"": 1.5, ""repeat"": 1.0, ""jump"": 0.5, ""omission"": 1.0}}",0.04285714285714286,0.02142857142857143,0.04285714285714286,0.03571428571428571,0.04285714285714286,0.04285714285714286,0.02857142857142857,0.04285714285714286,0.03571428571428571,0.03571428571428571,0.02142857142857143,0.02857142857142857,0.03571428571428571,0.02857142857142857,0.02857142857142857,0.05,0.04285714285714286,0.02857142857142857,0.05714285714285714,0.02857142857142857,0.014285714285714285,0.03571428571428571,0.03571428571428571,0.04285714285714286,0.02142857142857143,0.02857142857142857,0.02857142857142857,0.02142857142857143,0.02142857142857143,0.02857142857142857,"{""n_estimators"": 1000, ""max_depth"": 15, ""min_samples_split"": 10, ""min_samples_leaf"": 10, ""max_features"": ""log2"", ""random_state"": 42, ""n_jobs"": -1}",0.23395834877505778,0.22402791667496869,0.2301565590568038,0.23040864040127848,0.26520171046340946,0.22756435471670436,0.23067379914369598,0.23364619839423337,0.23655464284544492,0.23527650651677498,0.24314059913225705,0.22824429997442863,0.2377010423824412,0.2365166880092957,0.22247935547716818,0.2442746106390869,0.2414845774723389,0.22676426214144846,0.23206239479326665,0.2341672020729092,0.22145993551044615,0.21689714707727184,0.24322952916358007,0.2326140950967125,0.2282093639219101,0.22371645550154,0.2426424844730149,0.22871478982573532,0.24085395284016878,0.22735853750660723,"{""n_estimators"": 500, ""max_depth"": 4, ""learning_rate"": 0.02, ""subsample"": 0.8, ""colsample_bytree"": 0.8, ""gamma"": 0.1, ""scale_pos_weight"": 5, ""random_state"": 42, ""n_jobs"": -1, ""eval_metric"": ""logloss""}",0.6000467538833618,0.49727383255958557,0.43402042984962463,0.41189536452293396,0.7064253091812134,0.6858711242675781,0.6104657053947449,0.6695200204849243,0.6280347108840942,0.6665541529655457,0.5975631475448608,0.502554178237915,0.4831441044807434,0.5036250948905945,0.49836671352386475,0.5648616552352905,0.643592894077301,0.5355616211891174,0.5470499396324158,0.4439868628978729,0.5103614330291748,0.5689122676849365,0.6592759490013123,0.4254976511001587,0.5374104380607605,0.4697250723838806,0.7189425826072693,0.6196594834327698,0.5556606650352478,0.4487200975418091,"{""embedding_dim"": 16, ""hidden_dim"": 32, ""num_layers"": 1, ""dropout"": 0.5, ""lr"": 0.001, ""epochs"": 50}",0.03510598465800285,0.03546278551220894,0.031964510679244995,0.03156358748674393,0.032320503145456314,0.03143365681171417,0.03238248452544212,0.03425583243370056,0.0319921150803566,0.03274502977728844,0.0325167216360569,0.03193674981594086,0.03463771194219589,0.03175787627696991,0.03284437209367752,0.03387972339987755,0.03334202617406845,0.03500710055232048,0.03443330526351929,0.03195305913686752,0.035024382174015045,0.03206457570195198,0.03450699895620346,0.035569630563259125,0.03750430792570114,0.031927406787872314,0.033971574157476425,0.03160472214221954,0.03315253555774689,0.033138707280159
2026-03-07 18:19:28,2026015,"{""search_limit"": 3000, ""top_matches"": 20, ""weights"": {""overlap"": 10, ""sum"": 0.1, ""ac"": 0.5, ""consecutive"": 2.0, ""neighbor"": 1.5, ""repeat"": 1.0, ""jump"": 0.5, ""omission"": 1.0}}",0.03571428571428571,0.03571428571428571,0.05,0.04285714285714286,0.03571428571428571,0.02857142857142857,0.03571428571428571,0.014285714285714285,0.06428571428571428,0.02857142857142857,0.06428571428571428,0.04285714285714286,0.05,0.04285714285714286,0.02142857142857143,0.02857142857142857,0.04285714285714286,0.03571428571428571,0.02142857142857143,0.05714285714285714,0.02857142857142857,0.03571428571428571,0.02857142857142857,0.05,0.014285714285714285,0.014285714285714285,0.007142857142857143,0.007142857142857143,0.03571428571428571,0.0,"{""n_estimators"": 2000, ""max_depth"": 15, ""min_samples_split"": 10, ""min_samples_leaf"": 10, ""max_features"": ""log2"", ""random_state"": 42, ""n_jobs"": -1}",0.2453941499642404,0.26698524437780874,0.22704744814563557,0.24642435008479124,0.2183520379368643,0.23287511977435899,0.2153096419489889,0.2315416280467104,0.22392409472967037,0.24353346970218703,0.24592373250344465,0.23267613875387558,0.23712968530931836,0.24071034990799867,0.24115255307850192,0.21547977761268974,0.23491825137399808,0.25210642058628996,0.2212020149129505,0.2244136980269577,0.2533497727581602,0.23676114104530485,0.24158071428664799,0.25680472794453796,0.2472600586877982,0.22934055657925964,0.24287864505967538,0.2456597737471914,0.24618274886581565,0.10308205424832696,"{""n_estimators"": 1000, ""max_depth"": 4, ""learning_rate"": 0.02, ""subsample"": 0.8, ""colsample_bytree"": 0.8, ""gamma"": 0.1, ""scale_pos_weight"": 5, ""random_state"": 42, ""n_jobs"": -1, ""eval_metric"": ""logloss""}",0.731845498085022,0.5991362929344177,0.3138800263404846,0.4805872440338135,0.3142164647579193,0.37923210859298706,0.4323137700557709,0.523829996585846,0.471587598323822,0.6835773587226868,0.554410994052887,0.29843488335609436,0.6706681847572327,0.48794567584991455,0.27365776896476746,0.2395624816417694,0.1920795887708664,0.6223244667053223,0.27889183163642883,0.36677759885787964,0.5463991761207581,0.49677959084510803,0.30905693769454956,0.6145915389060974,0.525732696056366,0.28958699107170105,0.1982865035533905,0.16350726783275604,0.5165632963180542,0.005020273383706808,"{""embedding_dim"": 16, ""hidden_dim"": 32, ""num_layers"": 1, ""dropout"": 0.5, ""lr"": 0.001, ""epochs"": 50}",0.03845861926674843,0.039729099720716476,0.034246642142534256,0.038071129471063614,0.03913993015885353,0.03872700408101082,0.035514235496520996,0.03965315222740173,0.04148517921566963,0.038300398737192154,0.03394334763288498,0.03798142448067665,0.0356568805873394,0.0369984470307827,0.03431340679526329,0.03385508432984352,0.03529058396816254,0.03789567947387695,0.03645598888397217,0.0353313684463501,0.036776378750801086,0.03033907152712345,0.03222955763339996,0.03060377947986126,0.030949987471103668,0.025538543239235878,0.020319903269410133,0.017768295481801033,0.018481841310858727,0.01594502106308937
2026-03-07 18:19:28,2026016,"{""search_limit"": 3000, ""top_matches"": 20, ""weights"": {""overlap"": 10, ""sum"": 0.1, ""ac"": 0.5, ""consecutive"": 2.0, ""neighbor"": 1.5, ""repeat"": 1.0, ""jump"": 0.5, ""omission"": 1.0}}",0.03571428571428571,0.05,0.014285714285714285,0.06428571428571428,0.04285714285714286,0.03571428571428571,0.007142857142857143,0.014285714285714285,0.02142857142857143,0.05714285714285714,0.05,0.04285714285714286,0.05,0.03571428571428571,0.03571428571428571,0.007142857142857143,0.02857142857142857,0.04285714285714286,0.02857142857142857,0.02142857142857143,0.05714285714285714,0.02857142857142857,0.05,0.04285714285714286,0.02142857142857143,0.05,0.02857142857142857,0.014285714285714285,0.02142857142857143,0.0,"{""n_estimators"": 2000, ""max_depth"": 15, ""min_samples_split"": 10, ""min_samples_leaf"": 10, ""max_features"": ""log2"", ""random_state"": 42, ""n_jobs"": -1}",0.28718219630921393,0.22485859093189786,0.22639271864076613,0.218792590612546,0.2741329049858526,0.19322700881647936,0.2266119565422463,0.21241477388964142,0.2490615719199098,0.23959786236784875,0.219971511055433,0.21002960786246738,0.2194765641704063,0.2163790409341416,0.22260427968926844,0.1964842145617413,0.24353280990709955,0.2513038529612617,0.221034661903935,0.20380141832133913,0.24020118504712248,0.2307725550249433,0.28740694936522737,0.27410606615469524,0.22065316726457895,0.25337894227514607,0.33291360762248773,0.21368845484777987,0.20681249043018812,0.18317644558433732,"{""n_estimators"": 1000, ""max_depth"": 4, ""learning_rate"": 0.02, ""subsample"": 0.8, ""colsample_bytree"": 0.8, ""gamma"": 0.1, ""scale_pos_weight"": 5, ""random_state"": 42, ""n_jobs"": -1, ""eval_metric"": ""logloss""}",0.44224706292152405,0.39344522356987,0.1573673039674759,0.22489283978939056,0.30543771386146545,0.22923237085342407,0.44440019130706787,0.16191519796848297,0.4311177432537079,0.6459876298904419,0.3703387975692749,0.17852824926376343,0.5970451831817627,0.30427315831184387,0.2746320068836212,0.0997401624917984,0.33183717727661133,0.8070098161697388,0.267210453748703,0.08393242955207825,0.7818626761436462,0.35341304540634155,0.14850996434688568,0.6106672883033752,0.4529120624065399,0.31287285685539246,0.34469977021217346,0.20031532645225525,0.3418615460395813,0.013499755412340164,"{""embedding_dim"": 16, ""hidden_dim"": 32, ""num_layers"": 1, ""dropout"": 0.5, ""lr"": 0.001, ""epochs"": 50}",0.04078971967101097,0.03702333942055702,0.03496671840548515,0.032875947654247284,0.0334855392575264,0.03678788244724274,0.03664141520857811,0.034719787538051605,0.0390663668513298,0.03630320355296135,0.03867916390299797,0.0391014888882637,0.039194606244564056,0.03311138600111008,0.03791900724172592,0.034643132239580154,0.03479088097810745,0.03460005670785904,0.0388682596385479,0.033477772027254105,0.03781814128160477,0.03153957054018974,0.03513636067509651,0.029256239533424377,0.03115416131913662,0.0262058787047863,0.022415949031710625,0.019397908821702003,0.02314884215593338,0.016881272196769714
2026-03-07 18:19:28,2026017,"{""search_limit"": 3000, ""top_matches"": 20, ""weights"": {""overlap"": 10, ""sum"": 0.1, ""ac"": 0.5, ""consecutive"": 2.0, ""neighbor"": 1.5, ""repeat"": 1.0, ""jump"": 0.5, ""omission"": 1.0}}",0.04285714285714286,0.05,0.02857142857142857,0.03571428571428571,0.05,0.04285714285714286,0.03571428571428571,0.05714285714285714,0.02142857142857143,0.02857142857142857,0.02142857142857143,0.05714285714285714,0.03571428571428571,0.04285714285714286,0.02857142857142857,0.02857142857142857,0.07142857142857142,0.03571428571428571,0.04285714285714286,0.02142857142857143,0.02142857142857143,0.02857142857142857,0.05714285714285714,0.02142857142857143,0.03571428571428571,0.014285714285714285,0.007142857142857143,0.02857142857142857,0.0,0.007142857142857143,"{""n_estimators"": 2000, ""max_depth"": 15, ""min_samples_split"": 10, ""min_samples_leaf"": 10, ""max_features"": ""log2"", ""random_state"": 42, ""n_jobs"": -1}",0.24328511030199643,0.2320873298136417,0.2491173141792453,0.22019172832385508,0.24582127880581664,0.22803415183931564,0.23527506623990238,0.2517449241802343,0.2290099362815167,0.26311576812619264,0.23376500340598905,0.2203984533841173,0.24193640039338302,0.22806870041609095,0.24264869764512276,0.2322312587881336,0.23065565122025927,0.2524774840336692,0.2490478979215569,0.23590361758169268,0.26678138821343594,0.2213166816058065,0.23464552401555402,0.2716030282351746,0.24169931504889647,0.23776132319628265,0.24551812106157953,0.21509738505958728,0.19221082708225698,0.10855063359969358,"{""n_estimators"": 1000, ""max_depth"": 4, ""learning_rate"": 0.02, ""subsample"": 0.8, ""colsample_bytree"": 0.8, ""gamma"": 0.1, ""scale_pos_weight"": 5, ""random_state"": 42, ""n_jobs"": -1, ""eval_metric"": ""logloss""}",0.39871644973754883,0.39468875527381897,0.542305052280426,0.44714194536209106,0.5953330397605896,0.5331982970237732,0.6892766356468201,0.7361376881599426,0.3814263343811035,0.665969729423523,0.5412220358848572,0.5751301646232605,0.6262301206588745,0.5670669078826904,0.4798925518989563,0.47409695386886597,0.5405051708221436,0.7092186212539673,0.4905540645122528,0.21027545630931854,0.8043703436851501,0.5252203345298767,0.6276015043258667,0.5899278521537781,0.5088585615158081,0.2457040697336197,0.35461944341659546,0.24968574941158295,0.1268071085214615,0.012872148305177689,"{""embedding_dim"": 16, ""hidden_dim"": 32, ""num_layers"": 1, ""dropout"": 0.5, ""lr"": 0.001, ""epochs"": 50}",0.03922528028488159,0.037366174161434174,0.033780571073293686,0.03306528925895691,0.037359755486249924,0.03775954991579056,0.035500213503837585,0.03883522003889084,0.036489881575107574,0.03525245934724808,0.0363740511238575,0.038260333240032196,0.03700723499059677,0.03502326086163521,0.03241494670510292,0.03750836104154587,0.0354626327753067,0.036153558641672134,0.0367777943611145,0.037728067487478256,0.0389057919383049,0.033669713884592056,0.03301021456718445,0.032704442739486694,0.02852647192776203,0.026099659502506256,0.024443557485938072,0.020474836230278015,0.01963919587433338,0.015181425027549267
2026-03-07 18:19:28,2026018,"{""search_limit"": 3000, ""top_matches"": 20, ""weights"": {""overlap"": 10, ""sum"": 0.1, ""ac"": 0.5, ""consecutive"": 2.0, ""neighbor"": 1.5, ""repeat"": 1.0, ""jump"": 0.5, ""omission"": 1.0}}",0.02857142857142857,0.05714285714285714,0.02142857142857143,0.05,0.06428571428571428,0.05,0.014285714285714285,0.02142857142857143,0.014285714285714285,0.03571428571428571,0.02857142857142857,0.05,0.014285714285714285,0.04285714285714286,0.02857142857142857,0.03571428571428571,0.03571428571428571,0.02857142857142857,0.02857142857142857,0.03571428571428571,0.06428571428571428,0.04285714285714286,0.06428571428571428,0.03571428571428571,0.03571428571428571,0.014285714285714285,0.007142857142857143,0.02857142857142857,0.014285714285714285,0.007142857142857143,"{""n_estimators"": 2000, ""max_depth"": 15, ""min_samples_split"": 10, ""min_samples_leaf"": 10, ""max_features"": ""log2"", ""random_state"": 42, ""n_jobs"": -1}",0.2615750104450951,0.25877873124012973,0.22918942328129013,0.22516821282798588,0.24325823738770594,0.21936183565097497,0.24499036062492963,0.22838413230221483,0.23521406937694803,0.2550561599888862,0.25203249243196413,0.23612405782270332,0.23683144164573275,0.2563160653700322,0.2312675491387488,0.24187660519577192,0.25526342476103564,0.2608214981413913,0.2504558126234554,0.23072697955972823,0.24400829627860504,0.2246044479929866,0.23864908616329178,0.230617787501929,0.2390469765244123,0.23132820543803864,0.23909420083769004,0.2312408679896175,0.18660148935667223,0.08211654210003416,"{""n_estimators"": 1000, ""max_depth"": 4, ""learning_rate"": 0.02, ""subsample"": 0.8, ""colsample_bytree"": 0.8, ""gamma"": 0.1, ""scale_pos_weight"": 5, ""random_state"": 42, ""n_jobs"": -1, ""eval_metric"": ""logloss""}",0.6908639073371887,0.7184586524963379,0.44174376130104065,0.33978068828582764,0.663390576839447,0.5638352036476135,0.5913982391357422,0.7046796083450317,0.5910868644714355,0.5938534140586853,0.6899341344833374,0.6184597611427307,0.6479095220565796,0.6930305361747742,0.5248552560806274,0.6863836646080017,0.4679245948791504,0.631231963634491,0.7140669822692871,0.5195141434669495,0.6338377594947815,0.6382744908332825,0.4594700038433075,0.418927937746048,0.5293300151824951,0.43841150403022766,0.40056681632995605,0.42697814106941223,0.23871876299381256,0.033779941499233246,"{""embedding_dim"": 16, ""hidden_dim"": 32, ""num_layers"": 1, ""dropout"": 0.5, ""lr"": 0.001, ""epochs"": 50}",0.040465984493494034,0.036481332033872604,0.037368640303611755,0.037679243832826614,0.038351647555828094,0.03805428370833397,0.03758631646633148,0.03486645221710205,0.031913843005895615,0.03851086646318436,0.037514038383960724,0.039597850292921066,0.03551656752824783,0.032976556569337845,0.037486955523490906,0.03542378917336464,0.03378180414438248,0.039674874395132065,0.035469476133584976,0.037551842629909515,0.03698727488517761,0.03402591869235039,0.03372080996632576,0.032844383269548416,0.02831771969795227,0.025761837139725685,0.02196233719587326,0.01889490708708763,0.014855700545012951,0.016356704756617546
2026-03-07 18:19:28,2026019,"{""search_limit"": 3000, ""top_matches"": 20, ""weights"": {""overlap"": 10, ""sum"": 0.1, ""ac"": 0.5, ""consecutive"": 2.0, ""neighbor"": 1.5, ""repeat"": 1.0, ""jump"": 0.5, ""omission"": 1.0}}",0.02142857142857143,0.04285714285714286,0.04285714285714286,0.02857142857142857,0.02857142857142857,0.02142857142857143,0.02857142857142857,0.02857142857142857,0.04285714285714286,0.03571428571428571,0.05,0.06428571428571428,0.05,0.03571428571428571,0.03571428571428571,0.03571428571428571,0.02857142857142857,0.03571428571428571,0.02142857142857143,0.05714285714285714,0.02857142857142857,0.03571428571428571,0.04285714285714286,0.02857142857142857,0.03571428571428571,0.02857142857142857,0.02857142857142857,0.014285714285714285,0.014285714285714285,0.007142857142857143,"{""n_estimators"": 2000, ""max_depth"": 15, ""min_samples_split"": 10, ""min_samples_leaf"": 10, ""max_features"": ""log2"", ""random_state"": 42, ""n_jobs"": -1}",0.2458832993612221,0.22949339888446554,0.19012245910454928,0.211180497067565,0.24860883374086237,0.18254611061166826,0.24142901187437177,0.19613348950897083,0.24894939661709778,0.26265528681045885,0.23160304480275898,0.2409593043838896,0.22533437289882222,0.2756279670158745,0.2183299336578156,0.25251094096716853,0.23849328628942668,0.26748114110869814,0.24583464010763814,0.22876073137817635,0.2700537185643575,0.23745772617532387,0.22513926249708527,0.247099573589093,0.2213545404195714,0.21419223567434897,0.24358095390926612,0.24687073163746004,0.20923820589207304,0.20307590544992063,"{""n_estimators"": 1000, ""max_depth"": 4, ""learning_rate"": 0.02, ""subsample"": 0.8, ""colsample_bytree"": 0.8, ""gamma"": 0.1, ""scale_pos_weight"": 5, ""random_state"": 42, ""n_jobs"": -1, ""eval_metric"": ""logloss""}",0.3569381535053253,0.36942747235298157,0.22888140380382538,0.35422834753990173,0.478130578994751,0.15894551575183868,0.5806604623794556,0.22061651945114136,0.35428300499916077,0.4585094451904297,0.2276969701051712,0.38938188552856445,0.3019896149635315,0.56431645154953,0.21984630823135376,0.27574801445007324,0.40838146209716797,0.4337218701839447,0.422783762216568,0.1334584653377533,0.3110869228839874,0.3482423424720764,0.2279852330684662,0.49671903252601624,0.4062119126319885,0.12418057024478912,0.08406954258680344,0.16421940922737122,0.10575461387634277,0.018138444051146507,"{""embedding_dim"": 16, ""hidden_dim"": 32, ""num_layers"": 1, ""dropout"": 0.5, ""lr"": 0.001, ""epochs"": 50}",0.039419252425432205,0.03309900313615799,0.03249597176909447,0.036996956914663315,0.03663193807005882,0.03609536960721016,0.03834469988942146,0.03505633771419525,0.0404241606593132,0.035877909511327744,0.03727962076663971,0.03920987248420715,0.03700072318315506,0.03598666191101074,0.03432007506489754,0.035163018852472305,0.0335807129740715,0.03898097947239876,0.03612325340509415,0.03744136542081833,0.03705352172255516,0.03474338725209236,0.03222213312983513,0.030712468549609184,0.027984024956822395,0.02870199829339981,0.021226080134510994,0.022750001400709152,0.016115408390760422,0.01896318607032299
2026-03-07 18:19:28,2026020,"{""search_limit"": 3000, ""top_matches"": 20, ""weights"": {""overlap"": 10, ""sum"": 0.1, ""ac"": 0.5, ""consecutive"": 2.0, ""neighbor"": 1.5, ""repeat"": 1.0, ""jump"": 0.5, ""omission"": 1.0}}",0.04285714285714286,0.02857142857142857,0.03571428571428571,0.05,0.03571428571428571,0.02857142857142857,0.03571428571428571,0.05,0.03571428571428571,0.02857142857142857,0.02857142857142857,0.03571428571428571,0.05,0.02857142857142857,0.02857142857142857,0.03571428571428571,0.04285714285714286,0.05,0.05714285714285714,0.02857142857142857,0.02857142857142857,0.04285714285714286,0.02857142857142857,0.03571428571428571,0.02142857142857143,0.02142857142857143,0.02142857142857143,0.02142857142857143,0.02142857142857143,0.0,"{""n_estimators"": 2000, ""max_depth"": 15, ""min_samples_split"": 10, ""min_samples_leaf"": 10, ""max_features"": ""log2"", ""random_state"": 42, ""n_jobs"": -1}",0.24677886675419858,0.27581618829783666,0.21789508298851337,0.2209593191532443,0.23626775107668974,0.20530863311650216,0.2300577257502414,0.22972026786628735,0.237028379121658,0.25757541332368333,0.25752868311355437,0.229141546544798,0.2251690234543519,0.2505998339586818,0.2244096258892235,0.24019287567200104,0.251036931123619,0.2656316436995013,0.2256087383366357,0.2246421239924786,0.2457796033358788,0.22008061754451455,0.22269187279556393,0.2403057460914265,0.25121088093887906,0.23302678379807,0.2535940112708794,0.24565792485798682,0.22171940062632126,0.11456450550678002,"{""n_estimators"": 1000, ""max_depth"": 4, ""learning_rate"": 0.02, ""subsample"": 0.8, ""colsample_bytree"": 0.8, ""gamma"": 0.1, ""scale_pos_weight"": 5, ""random_state"": 42, ""n_jobs"": -1, ""eval_metric"": ""logloss""}",0.4357756972312927,0.8296446800231934,0.47109073400497437,0.4137960970401764,0.5151140689849854,0.5147454142570496,0.7332384586334229,0.43292203545570374,0.591073751449585,0.7292510867118835,0.6715236306190491,0.3941902816295624,0.5338436961174011,0.5842141509056091,0.29397472739219666,0.4522665739059448,0.6174395084381104,0.49801403284072876,0.3057686984539032,0.3471921384334564,0.5566847920417786,0.5846373438835144,0.37957268953323364,0.4573717713356018,0.5239461660385132,0.47782790660858154,0.351185142993927,0.2930223047733307,0.21253617107868195,0.003538761753588915,"{""embedding_dim"": 16, ""hidden_dim"": 32, ""num_layers"": 1, ""dropout"": 0.5, ""lr"": 0.001, ""epochs"": 50}",0.039148665964603424,0.03710804879665375,0.033756956458091736,0.03742605075240135,0.036017660051584244,0.037633299827575684,0.0379677452147007,0.03601773828268051,0.03909715265035629,0.03810308128595352,0.03436417877674103,0.038036223500967026,0.037739627063274384,0.035445548593997955,0.03684725612401962,0.034033432602882385,0.03338612616062164,0.0380924716591835,0.03663836419582367,0.03399938344955444,0.03766508400440216,0.03341161087155342,0.0331571064889431,0.03199181333184242,0.030771391466259956,0.025803377851843834,0.02216174639761448,0.02292563207447529,0.01760943979024887,0.013643882237374783
2026-03-07 18:19:28,2026021,"{""search_limit"": 3000, ""top_matches"": 20, ""weights"": {""overlap"": 10, ""sum"": 0.1, ""ac"": 0.5, ""consecutive"": 2.0, ""neighbor"": 1.5, ""repeat"": 1.0, ""jump"": 0.5, ""omission"": 1.0}}",0.04285714285714286,0.03571428571428571,0.014285714285714285,0.05714285714285714,0.05,0.02857142857142857,0.03571428571428571,0.03571428571428571,0.03571428571428571,0.04285714285714286,0.05714285714285714,0.05,0.04285714285714286,0.05,0.02142857142857143,0.04285714285714286,0.06428571428571428,0.02142857142857143,0.04285714285714286,0.007142857142857143,0.02857142857142857,0.04285714285714286,0.02857142857142857,0.04285714285714286,0.04285714285714286,0.014285714285714285,0.007142857142857143,0.007142857142857143,0.007142857142857143,0.0,"{""n_estimators"": 2000, ""max_depth"": 15, ""min_samples_split"": 10, ""min_samples_leaf"": 10, ""max_features"": ""log2"", ""random_state"": 42, ""n_jobs"": -1}",0.24925892192819615,0.2842836129251909,0.2243242935141488,0.22349451947221508,0.23992515635751563,0.21847332782638887,0.23453190704080387,0.23240341043212298,0.22779915437993686,0.2641322397199061,0.2386586043275671,0.23725775253477266,0.24056436187664623,0.2599466419099748,0.2437303356989949,0.2413170384427137,0.2508000893394481,0.25890575657071246,0.22918708052667336,0.2421305866761307,0.24043790055707384,0.21848820540577693,0.21438284568478128,0.22914214685188966,0.2517848881938938,0.23813236184529782,0.23906866841162697,0.22086040842727847,0.2112219840771729,0.0953557990451502,"{""n_estimators"": 1000, ""max_depth"": 4, ""learning_rate"": 0.02, ""subsample"": 0.8, ""colsample_bytree"": 0.8, ""gamma"": 0.1, ""scale_pos_weight"": 5, ""random_state"": 42, ""n_jobs"": -1, ""eval_metric"": ""logloss""}",0.44219139218330383,0.7447077035903931,0.5129010081291199,0.5998351573944092,0.6199064254760742,0.6588866114616394,0.6089804172515869,0.34901517629623413,0.5439380407333374,0.7298592329025269,0.630456268787384,0.5037296414375305,0.559593915939331,0.7622175216674805,0.6019614338874817,0.4485028386116028,0.5774427652359009,0.509230375289917,0.595953643321991,0.6089636087417603,0.4738423824310303,0.5132715702056885,0.27803659439086914,0.4798561930656433,0.37889575958251953,0.649405837059021,0.6049131751060486,0.12921208143234253,0.2773616909980774,0.008635181002318859,"{""embedding_dim"": 16, ""hidden_dim"": 32, ""num_layers"": 1, ""dropout"": 0.5, ""lr"": 0.001, ""epochs"": 50}",0.03623664751648903,0.03806060552597046,0.03517662361264229,0.03568659722805023,0.042129576206207275,0.03772001340985298,0.03674623742699623,0.03882945701479912,0.03811664879322052,0.03967035934329033,0.03554771840572357,0.03988601639866829,0.037969645112752914,0.035742174834012985,0.03481968119740486,0.03589765727519989,0.03483247011899948,0.03715072572231293,0.03757829591631889,0.036919206380844116,0.03527291119098663,0.031422507017850876,0.03175394609570503,0.031351275742053986,0.027072126045823097,0.02710391767323017,0.021117152646183968,0.019046185538172722,0.016519464552402496,0.014624137431383133
2026-03-07 18:19:28,2026022,"{""search_limit"": 3000, ""top_matches"": 20, ""weights"": {""overlap"": 10, ""sum"": 0.1, ""ac"": 0.5, ""consecutive"": 2.0, ""neighbor"": 1.5, ""repeat"": 1.0, ""jump"": 0.5, ""omission"": 1.0}}",0.007142857142857143,0.03571428571428571,0.02142857142857143,0.02857142857142857,0.05714285714285714,0.03571428571428571,0.02857142857142857,0.03571428571428571,0.03571428571428571,0.05,0.03571428571428571,0.05714285714285714,0.05714285714285714,0.02857142857142857,0.04285714285714286,0.06428571428571428,0.05,0.02857142857142857,0.03571428571428571,0.02142857142857143,0.04285714285714286,0.014285714285714285,0.04285714285714286,0.05,0.02142857142857143,0.014285714285714285,0.02857142857142857,0.014285714285714285,0.014285714285714285,0.0,"{""n_estimators"": 2000, ""max_depth"": 15, ""min_samples_split"": 10, ""min_samples_leaf"": 10, ""max_features"": ""log2"", ""random_state"": 42, ""n_jobs"": -1}",0.2723010088988577,0.23892871737937943,0.21520469555191893,0.22899590853293533,0.22725133310804574,0.23977730729495067,0.20166962295177795,0.22525610491356468,0.2574237808090348,0.23318653088993313,0.22209508493721897,0.23395250983700894,0.22015722335776228,0.2716533042983056,0.23899432759930062,0.21824686821567696,0.23451769581786297,0.24355248639305022,0.22804020503070163,0.22885821507286602,0.26620805383223545,0.2655081537791133,0.23919900725050913,0.23645218324137723,0.2218727839155598,0.2122489199706879,0.24772175986487494,0.24119347046993367,0.23890544417482087,0.15062729261073782,"{""n_estimators"": 1000, ""max_depth"": 4, ""learning_rate"": 0.02, ""subsample"": 0.8, ""colsample_bytree"": 0.8, ""gamma"": 0.1, ""scale_pos_weight"": 5, ""random_state"": 42, ""n_jobs"": -1, ""eval_metric"": ""logloss""}",0.7510048151016235,0.49172142148017883,0.4006703794002533,0.47260573506355286,0.49581414461135864,0.7247397899627686,0.48658987879753113,0.388201504945755,0.7903394103050232,0.6339751482009888,0.3713035583496094,0.3383367657661438,0.28427499532699585,0.5997354984283447,0.5468629002571106,0.3108806312084198,0.6150305271148682,0.37432870268821716,0.33682575821876526,0.5239180326461792,0.2783014476299286,0.7119929194450378,0.3267229497432709,0.46317553520202637,0.24976001679897308,0.1522628664970398,0.4068370759487152,0.09766240417957306,0.233994260430336,0.006446892861276865,"{""embedding_dim"": 16, ""hidden_dim"": 32, ""num_layers"": 1, ""dropout"": 0.5, ""lr"": 0.001, ""epochs"": 50}",0.03825734928250313,0.0378178246319294,0.03562694787979126,0.03145729750394821,0.03838631138205528,0.03779289126396179,0.03934969753026962,0.04112868010997772,0.04025701805949211,0.036532994359731674,0.03259526193141937,0.03744490072131157,0.03394705429673195,0.03519691154360771,0.03592338040471077,0.03468921035528183,0.0347459614276886,0.03994326665997505,0.03511853516101837,0.03552659973502159,0.03734142705798149,0.03506232425570488,0.03560647368431091,0.03142162412405014,0.02820211462676525,0.024874700233340263,0.019702019169926643,0.019903233274817467,0.019469665363430977,0.016678432002663612
2026-03-07 18:19:28,2026023,"{""search_limit"": 3000, ""top_matches"": 20, ""weights"": {""overlap"": 10, ""sum"": 0.1, ""ac"": 0.5, ""consecutive"": 2.0, ""neighbor"": 1.5, ""repeat"": 1.0, ""jump"": 0.5, ""omission"": 1.0}}",0.04285714285714286,0.02857142857142857,0.04285714285714286,0.02142857142857143,0.02142857142857143,0.03571428571428571,0.02857142857142857,0.02857142857142857,0.04285714285714286,0.03571428571428571,0.03571428571428571,0.04285714285714286,0.02142857142857143,0.04285714285714286,0.06428571428571428,0.05714285714285714,0.04285714285714286,0.03571428571428571,0.05,0.02857142857142857,0.03571428571428571,0.03571428571428571,0.05714285714285714,0.014285714285714285,0.05,0.014285714285714285,0.02857142857142857,0.007142857142857143,0.007142857142857143,0.0,"{""n_estimators"": 2000, ""max_depth"": 15, ""min_samples_split"": 10, ""min_samples_leaf"": 10, ""max_features"": ""log2"", ""random_state"": 42, ""n_jobs"": -1}",0.2740597162610579,0.23313758888163905,0.22038580964769602,0.2124286463990308,0.2351479547977515,0.23158831005078978,0.21650195383523388,0.2108813389358364,0.22837734070276156,0.24623283071566548,0.24511863033567094,0.2231699990018972,0.2353137860307809,0.24871615458271412,0.23197117931527628,0.23707683190079415,0.2479192610050018,0.24987812857738867,0.23273495780858117,0.22796513298230942,0.24789397986952233,0.24206522570189665,0.27944349274534863,0.23516425835416388,0.23156049661038813,0.2354011891520555,0.26748153356273674,0.21292415083308433,0.22682046524527122,0.13263965615765538,"{""n_estimators"": 1000, ""max_depth"": 4, ""learning_rate"": 0.02, ""subsample"": 0.8, ""colsample_bytree"": 0.8, ""gamma"": 0.1, ""scale_pos_weight"": 5, ""random_state"": 42, ""n_jobs"": -1, ""eval_metric"": ""logloss""}",0.7134624719619751,0.40430137515068054,0.5624913573265076,0.4987112283706665,0.6543698906898499,0.45942404866218567,0.5388277173042297,0.3492782711982727,0.46144455671310425,0.3983064591884613,0.4329318106174469,0.38989660143852234,0.4898567199707031,0.7053933143615723,0.3375226557254791,0.36005526781082153,0.41302916407585144,0.59699547290802,0.4947560131549835,0.6608533263206482,0.4444323480129242,0.43950533866882324,0.5505921244621277,0.5475372672080994,0.27692994475364685,0.27568691968917847,0.7175177931785583,0.10767342150211334,0.33961156010627747,0.037988319993019104,"{""embedding_dim"": 16, ""hidden_dim"": 32, ""num_layers"": 1, ""dropout"": 0.5, ""lr"": 0.001, ""epochs"": 50}",0.04024508595466614,0.03588000684976578,0.035453684628009796,0.036647979170084,0.038041241466999054,0.037346385419368744,0.03871053084731102,0.04243585094809532,0.03492331877350807,0.03587467223405838,0.03546067327260971,0.03848826885223389,0.03783784434199333,0.034342750906944275,0.0347808375954628,0.03482687845826149,0.0328674390912056,0.04116072505712509,0.03674798831343651,0.03595539182424545,0.03556588292121887,0.03473423048853874,0.03183230012655258,0.03182419762015343,0.028071362525224686,0.025361016392707825,0.02090892381966114,0.019840531051158905,0.017952313646674156,0.01588178053498268
2026-03-07 18:19:28,2026024,"{""search_limit"": 3000, ""top_matches"": 20, ""weights"": {""overlap"": 10, ""sum"": 0.1, ""ac"": 0.5, ""consecutive"": 2.0, ""neighbor"": 1.5, ""repeat"": 1.0, ""jump"": 0.5, ""omission"": 1.0}}",0.06428571428571428,0.05,0.04285714285714286,0.03571428571428571,0.04285714285714286,0.04285714285714286,0.05714285714285714,0.007142857142857143,0.02857142857142857,0.05,0.03571428571428571,0.007142857142857143,0.02857142857142857,0.04285714285714286,0.05714285714285714,0.03571428571428571,0.02142857142857143,0.07142857142857142,0.02857142857142857,0.03571428571428571,0.03571428571428571,0.02857142857142857,0.05714285714285714,0.02142857142857143,0.02142857142857143,0.02857142857142857,0.007142857142857143,0.014285714285714285,0.0,0.0,"{""n_estimators"": 2000, ""max_depth"": 15, ""min_samples_split"": 10, ""min_samples_leaf"": 10, ""max_features"": ""log2"", ""random_state"": 42, ""n_jobs"": -1}",0.2515249035661108,0.2503105330856767,0.22051825999323693,0.23465926400721626,0.22875923583672486,0.24676320654462205,0.20274876779044204,0.2402963394491657,0.2054946574955302,0.24456793440604954,0.24431876738577743,0.22299516114287318,0.25180665476013503,0.21481370636533997,0.2256129858317815,0.25238858568009964,0.24793967691545796,0.24989858477393598,0.24699042248689831,0.2504675747857995,0.24282744026545106,0.2405104020039017,0.27732904673993664,0.2364879993010356,0.25535011559197285,0.24495083387196062,0.2369914702353116,0.22300498953237072,0.18555153651452633,0.12412094364066037,"{""n_estimators"": 1000, ""max_depth"": 4, ""learning_rate"": 0.02, ""subsample"": 0.8, ""colsample_bytree"": 0.8, ""gamma"": 0.1, ""scale_pos_weight"": 5, ""random_state"": 42, ""n_jobs"": -1, ""eval_metric"": ""logloss""}",0.6386264562606812,0.5136486291885376,0.19722163677215576,0.441266804933548,0.5600777268409729,0.5531506538391113,0.35770270228385925,0.6747642159461975,0.3290940821170807,0.2270306944847107,0.5038464069366455,0.5998058915138245,0.3719555139541626,0.32853221893310547,0.2467297464609146,0.37793269753456116,0.5692492127418518,0.5150332450866699,0.4590672254562378,0.6817948818206787,0.31305694580078125,0.639970600605011,0.5984340310096741,0.4999535083770752,0.3346153497695923,0.5760369300842285,0.42364370822906494,0.16993877291679382,0.2462790161371231,0.03930000215768814,"{""embedding_dim"": 16, ""hidden_dim"": 32, ""num_layers"": 1, ""dropout"": 0.5, ""lr"": 0.001, ""epochs"": 50}",0.039911992847919464,0.03826097771525383,0.03315840661525726,0.0394408144056797,0.03612295910716057,0.03604018688201904,0.035033609718084335,0.03288644179701805,0.04300311580300331,0.03485436365008354,0.03736640512943268,0.03992903605103493,0.037495873868465424,0.035156406462192535,0.041018638759851456,0.034273430705070496,0.034235358238220215,0.03724478557705879,0.03490302339196205,0.03499555215239525,0.03233569860458374,0.031839050352573395,0.03186210244894028,0.032458268105983734,0.026901215314865112,0.02738572657108307,0.02522551827132702,0.0226613599807024,0.01714654080569744,0.016853192821145058
2026-03-07 18:19:28,2026025,"{""search_limit"": 3000, ""top_matches"": 20, ""weights"": {""overlap"": 10, ""sum"": 0.1, ""ac"": 0.5, ""consecutive"": 2.0, ""neighbor"": 1.5, ""repeat"": 1.0, ""jump"": 0.5, ""omission"": 1.0}}",0.05,0.04285714285714286,0.02857142857142857,0.02857142857142857,0.02142857142857143,0.02857142857142857,0.02857142857142857,0.04285714285714286,0.06428571428571428,0.05714285714285714,0.04285714285714286,0.04285714285714286,0.02142857142857143,0.02142857142857143,0.02142857142857143,0.02142857142857143,0.05,0.05714285714285714,0.05,0.03571428571428571,0.05714285714285714,0.007142857142857143,0.04285714285714286,0.02857142857142857,0.02857142857142857,0.02857142857142857,0.014285714285714285,0.02857142857142857,0.007142857142857143,0.0,"{""n_estimators"": 2000, ""max_depth"": 15, ""min_samples_split"": 10, ""min_samples_leaf"": 10, ""max_features"": ""log2"", ""random_state"": 42, ""n_jobs"": -1}",0.24027986105819915,0.26992132830243265,0.2191446687617138,0.23866215332096963,0.22810311289163293,0.2283414934281947,0.20622434875515186,0.24447933711675138,0.22487624655449426,0.25011413310671926,0.23924138464157876,0.2181840497967544,0.25034888697849944,0.22065105027849238,0.23167857046789067,0.25736956434233965,0.24244824245589167,0.2543032080224254,0.24392682456960244,0.2573048758726834,0.26989826297058733,0.23389698470500275,0.26323847379460585,0.2138613324717021,0.2552587544725446,0.2299674480315042,0.24320246979271998,0.21311258057889595,0.1787297672893291,0.13323058517068845,"{""n_estimators"": 1000, ""max_depth"": 4, ""learning_rate"": 0.02, ""subsample"": 0.8, ""colsample_bytree"": 0.8, ""gamma"": 0.1, ""scale_pos_weight"": 5, ""random_state"": 42, ""n_jobs"": -1, ""eval_metric"": ""logloss""}",0.633398175239563,0.36501529812812805,0.5269801616668701,0.4702721834182739,0.7121624946594238,0.48196741938591003,0.3000917136669159,0.29604145884513855,0.5316524505615234,0.1926111876964569,0.555094301700592,0.4725838005542755,0.25576022267341614,0.6018116474151611,0.2974279522895813,0.5616621971130371,0.5437262058258057,0.49688297510147095,0.6039419770240784,0.7529813647270203,0.5849891901016235,0.4797798991203308,0.6787275075912476,0.07979946583509445,0.36690378189086914,0.3033647835254669,0.44728678464889526,0.20528526604175568,0.0363302119076252,0.0014847315615043044,"{""embedding_dim"": 16, ""hidden_dim"": 32, ""num_layers"": 1, ""dropout"": 0.5, ""lr"": 0.001, ""epochs"": 50}",0.03805891051888466,0.03766236454248428,0.03939865157008171,0.03716912120580673,0.03481895104050636,0.03630775213241577,0.037183672189712524,0.04177437722682953,0.036986105144023895,0.03854021430015564,0.03839932754635811,0.03474744036793709,0.0364956296980381,0.03315845876932144,0.032524023205041885,0.03415296599268913,0.03349119797348976,0.042966704815626144,0.03367551416158676,0.03779461234807968,0.035500891506671906,0.034538958221673965,0.03498771786689758,0.031140094622969627,0.027524443343281746,0.025637449696660042,0.02337675727903843,0.024086954072117805,0.013800888322293758,0.014099839143455029
